About us,about-us,"<p style=""text-align: justify;"">ржЖржорж╛ржжрзЗрж░ ржжрзЗрж╢рзЗ ржмрж░рзНрждржорж╛ржирзЗ ржЕржирзЗржХ ржЗ-ржХржорж╛рж░рзНрж╕ рж╕рж╛ржЗржЯ рж░рзЯрзЗржЫрзЗред ржпрж╛рж░ ржпрж╛рж░ ржЕржмрж╕рзНржерж╛ржи ржерзЗржХрзЗ рж╕ржмрж╛ржЗ рж╕рж░рзНржмрзЛржЪрзНржЪ рж╕рзЗржмрж╛ ржжрж┐рждрзЗ ржЪрзЗрж╖рзНржЯрж╛ ржХрж░ржЫрзЗред ржЖржорж░рж╛ рзирзжрззрзн рж╕рж╛рж▓ ржерзЗржХрзЗ рж╕рзБржирж╛ржорзЗрж░ рж╕рж╛ржерзЗ ржЖрж▓рзА ржПржХрзНрж╕ржкрзНрж░рзЗрж╕ ржУ &nbsp;ржЗржЙржХрзЗ рж╕рж╛ржЗржЯ ржерзЗржХрзЗ ржкржгрзНржпрзЗрж░&nbsp; &nbsp;ржкрзНрж░рж┐-ржЕрж░рзНржбрж╛рж░ ржХрж╛рж▓рзЗржХрж╢ржи, ржкрзЗржорзЗржирзНржЯ, ржХрж╛рж╕рзНржЯржорж╕ ржХрзНрж▓рж┐рзЯрж╛рж░ ржХрж░рзЗ ржбрзЗрж▓рж┐ржнрзЗрж░рзАрж░ ржХрж╛ржЬ ржХрж░ржЫрж┐ред ржЖржорж╛ржжрзЗрж░ ржЙржжрзНржжрзЗрж╢рзНржп ржЖржкржирж╛ржХрзЗ &ldquo;ржШрж░рзЗ ржмрж╕рзЗ-ржмрж┐ржжрзЗрж╢рзЗ рж╢ржкрж┐ржВ&rdquo; ржПрж░ ржЖржиржирзНржж ржжрзЗржУрзЯрж╛ред ржПржЗ ржЙржжрзНржжрзЗрж╢рзНржпрзЗ ржЖржорж╛ржжрзЗрж░ ржкржержЪрж▓рж╛рж░ рж╢рзБрж░рзБ ржерзЗржХрзЗ ржЖржорж░рж╛ ржЪрзЗрж╖рзНржЯрж╛ ржХрж░рзЗржЫрж┐ рж╕рж░рзНржмрзЛржЪрзНржЪ ржорж╛ржирзЗрж░ рж╕рзЗржмрж╛ ржжрж┐рждрзЗред ржХрж┐ржЫрзБ ржнрзБрж▓ рждрзНрж░рзБржЯрж┐ ржЫрж┐рж▓рзЛ ржпрж╛ ржЖржорж░рж╛ ржкрзНрж░рждрж┐ржжрж┐ржи ржарж┐ржХ ржХрж░рж╛рж░ ржЪрзЗрж╖рзНржЯрж╛ ржХрж░рзЗ ржпрж╛ржЪрзНржЫрж┐ред ржЖржорж╛ржжрзЗрж░ рж╕рж╛рж░рзНржнрж┐рж╕ ржЖрж░рзЛ ржЧрждрж┐рж╢рзАрж▓ ржХрж░рж╛рж░ ржЬржирзНржп ржЖржорж░рж╛ ржЗ-ржХржорж╛рж░рзНрж╕ рж╕рж╛ржЗржЯ ржЙржирзНржирзЯржи ржХрж░рзЗржЫрж┐ред ржЖржорж╛ржжрзЗрж░ рж╕рж╛ржЗржЯрзЗрж░ ржорж╛ржзрзНржпржорзЗ ржЖржкржирж┐ ржЖржкржирж╛рж░ ржкржЫржирзНржжрзЗрж░ ржкржгрзНржп рззрзл ржерзЗржХрзЗ рзирзл ржжрж┐ржирзЗ ржЪрж╛рзЯржирж╛ ржерзЗржХрзЗ ржЖржирждрзЗ ржкрж╛рж░ржмрзЗржиред</p>
<p style=""text-align: justify;"">ржЖржкржирж╛рж░рж╛ рж╕ржмрж╛ржЗ ржЬрж╛ржирзЗржи ржЖрж▓рж┐ ржПржХрзНрж╕ржкрзНрж░рзЗрж╕ ржерзЗржХрзЗ ржкржгрзНржп ржЖрж╕рждрзЗ рзирзж ржерзЗржХрзЗ рзмрзж ржжрж┐ржи рж▓рж╛ржЧрзЗ ржпрж╛ ржмрж░рзНрждржорж╛ржирзЗ рзпрзж ржжрж┐ржи ржкрж░рзНржпржирзНржд рж▓рж╛ржЧржЫрзЗред ржПрждрзЛ ржжрзАрж░рзНржШ рж╕ржорзЯ ржкржгрзНржпрзЗрж░&nbsp; &nbsp;ржЬржирзНржп ржЕржкрзЗржХрзНрж╖рж╛ ржХрж░рж╛ ржЕржирзЗржХрзЗрж░ ржкржХрзНрж╖рзЗ рж╕ржорзНржнржм рж╣рзЯржирж╛ред ржЕржирзЗржХрзЗ рждрж╛ржЗ ржмрж┐рж░ржХрзНржд рж╣рзЯрзЗ рж▓рзЛржХрж╛рж▓ ржорж╛рж░рзНржХрзЗржЯ ржерзЗржХрзЗ ржкржгрзНржп ржХрж┐ржирзЗ ржирзЗрзЯред рждрж╛ржЫрж╛рзЬрж╛ржУ ржЕржирзЗржХ ржкржгрзНржпрзЗрж░ ржЙржкрж░ ржЕржпрж╛ржЪрж┐ржд ржЯрзНржпрж╛ржХрзНрж╕ ржЪрж▓рзЗ ржЖрж╕рзЗ ржпрж╛ ржкржгрзНржпрзЗрж░ ржорзБрж▓рзНржпрзЗрж░ ржЪрж╛ржЗрждрзЗржУ ржЕржирзЗржХ ржХрзНрж╖рзЗрждрзНрж░рзЗ ржмрзЗрж╢рж┐ рж╣рзЯрзЗ ржпрж╛рзЯред ржлрж▓рзЗ ржЕржирзЗржХрзЗржЗ ржЖрж▓рж┐ ржПржХрзНрж╕ржкрзНрж░рзЗрж╕ ржерзЗржХрзЗ ржкржгрзНржп ржЖржирж╛рж░ ржЖржЧрзНрж░рж╣ рж╣рж╛рж░рж┐рзЯрзЗ ржлрзЗрж▓рзЗред ржЖржмрж╛рж░ рззрзл ржерзЗржХрзЗ рзирзж ржнрж╛ржЧ ржкржгрзНржп ржХржЦржирзЛржЗ ржЖрж╕рзЗржирж╛ ржпрж╛ ржЖржорж╛ржжрзЗрж░ рж░рж┐ржлрж╛ржирзНржб ржХрж░рждрзЗ рж╣рзЯред ржЙржХрзНржд рж░рж┐ржлрж╛ржирзНржбрзЗрж░ ржкрзНрж░рж╕рзЗрж╕ ржЕржирзЗржХ рж▓ржорзНржмрж╛ред &nbsp;</p>
<p style=""text-align: justify;"">ржЖржорж░рж╛ ржпрзЗрж╣рзЗрждрзБ ржЪрж╛рж░ ржмржЫрж░ ржзрж░рзЗ ржЖрж▓рж┐ ржПржХрзНрж╕ржкрзНрж░рзЗрж╕ ржПрж░ рж╕рж╛ржерзЗ ржХрж╛ржЬ ржХрж░ржЫрж┐ ржЖржорж╛ржжрзЗрж░ ржЕржнрж┐ржЬрзНржЮрждрж╛рж░ ржЖрж▓рзЛржХрзЗ ржЖржкржирж╛ржжрзЗрж░ ржЬржирзНржп <a href=""http://WWW.MYBDSTORE.COM"">WWW.MYBDSTORE.COM</a> ржбрзЗржнрзЗрж▓ржк ржХрж░рзЗржЫрж┐ред ржПржЦрж╛ржирзЗ ржЖрж▓рж┐ ржПржХрзНрж╕ржкрзНрж░рзЗрж╕ ржПрж░ рзорзж ржерзЗржХрзЗ рзпрзж ржнрж╛ржЧ рж╕рж╛ржкрзНрж▓рж╛ржЗрзЯрж╛рж░ ржПрж░ ржкржгрзНржпржкрж╛ржУрзЯрж╛ ржпрж╛ржмрзЗред ржЖрж░ ржЖржкржирж┐ ржпржЦржи ржкржгрзНржпрзЗрж░ ржирж╛ржо/ржоржбрзЗрж▓/ржЫржмрж┐ ржжрж┐рзЯрзЗ ржЖржорж╛ржжрзЗрж░ рж╕рж╛ржЗржЯрзЗ ржкржгрзНржп рж╕рж╛рж░рзНржЪ ржХрж░ржмрзЗржи рждржЦржи рж╕рж░рж╛рж╕рж░рж┐ ржЪрж╛рзЯржирж┐ржЬ рж╕рж╛ржкрзНрж▓рж╛ржЗрзЯрж╛рж░ ржПрж░ ржирж┐ржЬрж╕рзНржм рж╕рж╛ржЗржЯ ржерзЗржХрзЗ ржЖржорж╛ржжрзЗрж░ рж╕рж╛ржЗржЯрзЗ ржЙржХрзНржд ржкржгрзНржп ржкрзНрж░ржжрж░рзНрж╢рж┐ржд рж╣ржмрзЗред ржЙржХрзНржд ржкржгрзНржп ржЖржорж╛ржжрзЗрж░ ржЪрж╛рзЯржирж╛ ржЕржлрж┐рж╕рзЗ ржкрзНрж░ржержо ржбрзЗрж▓рж┐ржнрзЗрж░рзА рж╣ржмрзЗред ржЪрж╛рзЯржирж╛ ржерзЗржХрзЗ ржкрзНрж░рждрж┐ рж╕ржкрзНрждрж╛рж╣рзЗ ржЖржорж╛ржжрзЗрж░ рж╢рж┐ржкржорзЗржирзНржЯ рж╣ржмрзЗред рждрж╛ржЗ рж╕рж░рзНржмрзЛржЪрзНржЪ рззрзл ржерзЗржХрзЗ рзирзж ржжрж┐ржирзЗрж░ ржоржзрзНржпрзЗ ржирж┐рж╢рзНржЪрж┐ржд ржкржгрзНржп ржбрзЗрж▓рж┐ржнрзЗрж░рзА ржкрж╛ржмрзЗржиред ржЙржХрзНржд ржкржгрзНржпрзЗрж░ ржЬржирзНржп ржЪрж╛рзЯржирж╛ ржерзЗржХрзЗ ржмрж╛ржВрж▓рж╛ржжрзЗрж╢рзЗ рж╢рж┐ржкржорзЗржирзНржЯ&nbsp; ржЪрж╛рж░рзНржЬ ржкржгрзНржп ржЕрж░рзНржбрж╛рж░ ржХрж░рж╛рж░ рж╕ржорзЯрзЗ ржЙрж▓рзНрж▓рзЗржЦ ржерж╛ржХржмрзЗред ржпрж╛ ржЖрж▓рж┐ ржПржХрзНрж╕ржкрзНрж░рзЗрж╕ ржерзЗржХрзЗ ржЕржирзЗржХ ржХржо ржкрзЬржмрзЗред</p>
<p style=""text-align: justify;"">ржЖржорж╛ржжрзЗрж░ ржПржЗ ржЙржжрзНржпрзЛржЧ ржпржжрж┐ ржЖржкржирж╛ржжрзЗрж░ ржХрж╛ржВржЦрж┐ржд рж╕рж╛рж░рзНржнрж┐рж╕ ржжрж┐рждрзЗ ржкрж╛рж░рзЗ рждрж╛рж╣рж▓рзЗржЗ ржЖржорж╛ржжрзЗрж░ ржкрж░рж┐рж╢рзНрж░ржо рж╕рж╛рж░рзНржержХ рж╣ржмрзЗред рж╕рж╛ржмрж╛ржЗ ржЫрзЛржЯ ржерзЗржХрзЗ рж╢рзБрж░рзБ ржХрж░рзЗред ржнрзБрж▓ рждрзНрж░рзБржЯрж┐ рж╣ржмрзЗ рждрж╛ рж╕ржорж╛ржзрж╛ржи ржХрж░рзЗ ржПржЧрж┐рзЯрзЗ ржпрж╛ржмрж╛рж░ рж▓ржХрзНрж╖рзНржпрзЗ ржЖржорж░рж╛ ржЕржмрж┐ржЪрж▓ред рж╕ржмрж╛рж░ ржжрзЛрзЯрж╛ ржХрж╛ржоржирж╛ ржХрж░рж┐ ржпрзЗржи рж╕рзО ржерзЗржХрзЗ ржЖржкржирж╛ржжрзЗрж░ рж╕рж╛рж░рзНржнрж┐рж╕ ржжрж┐рждрзЗ ржкрж╛рж░рж┐ред</p>",About page excerpt,publish,NULL,page,standard,img/backend/bg.jpg,storage,1,1,NULL,NULL,16,16,1,13,0
Contact Us,contact-us,<p>Content of Contact page</p>,Contact page excerpt,publish,NULL,page,standard,img/backend/bg.jpg,storage,1,1,NULL,NULL,16,16,1,13,0
Terms & Conditions,terms-conditions,"<p style=""text-align: justify;"">ржЖржорж░рж╛ ржЪрж╛ржЗржирж╛ ржпрзЗ, ржЖржкржирж┐ ржХрзЛржи ржмрж┐рж╖рзЯрзЗ ржирж╛ ржЬрзЗржирзЗ ржЖржорж╛ржжрзЗрж░ржХрзЗ ржЕрж░рзНржбрж╛рж░ ржХрж░рзЗржиред ржХрж╛рж╕рзНржЯржорж╛рж░ рж╣рж┐рж╕рзЗржмрзЗ ржЖржкржирж╛рж░ рж╢рждржнрж╛ржЧ ржЕржзрж┐ржХрж╛рж░ ржЖржЫрзЗ ржЖржорж╛ржжрзЗрж░ рж╕рж╛рж░рзНржнрж┐рж╕ рж╕ржорзНржкрж░рзНржХрзЗ ржЬрж╛ржирж╛рж░ред рждрж╛ржЗ ржЕрж░рзНржбрж╛рж░ ржХрж░рж╛рж░ ржЖржЧрзЗ ржЕржмрж╢рзНржпржЗ ржЖржорж╛ржжрзЗрж░ рж╢рж░рзНрждрж╛ржмрж▓рзА ржЬрзЗржирзЗ ржмрзБржЭрзЗ ржкрзЗржорзЗржирзНржЯ ржХрж░ржмрзЗржиред ржпрж╛рждрзЗ ржкржгрзНржп ржЕрж░рзНржбрж╛рж░ ржХрж░рж╛рж░ ржкрж░ ржЖржкржирж┐ ржирж┐рж╢рзНржЪрж┐ржирзНржд ржерж╛ржХрждрзЗ ржкрж╛рж░рзЗржи рж╕ржХрж╛рж▓ рззрзж ржЯрж╛ ржерзЗржХрзЗ рж░рж╛ржд рззрзж ржЯрж╛ ржкрж░рзНржпржирзНржд ржЖржорж╛ржжрзЗрж░ ржкрзНрж░рждрж┐ржирж┐ржзрж┐рж░рж╛ ржЖржкржирж╛рж░ рж╕рзЗржмрж╛рзЯ ржирж┐рзЯрзЛржЬрж┐ржд ржерж╛ржХржмрзЗржиред ржЬрж░рзБрж░рзА ржкрзНрж░рзЯрзЛржЬржирзЗ ржЖржорж╛ржжрзЗрж░ржХрзЗ ржХрж▓ ржХрж░рзБржи рзжрззрзпрзйрзйрзнрзнрзорзорзлрзл ржирж╛ржорзНржмрж╛рж░рзЗред</p>
<ul>
<li>ржЖржорж░рж╛ ржХрзЛржи ржкржгрзНржпрзЗрж░ рж░рзЗржбрж┐рж╖рзНржЯржХ рж░рж╛ржЦрж┐ржирж╛ред рждрж╛ржЗ ржХржЦржирзЛ рзи/рзй ржжрж┐ржирзЗрж░ ржоржзрзНржпрзЗ ржкржгрзНржп ржбрзЗрж▓рж┐ржнрзЗрж░рзА рж╕ржорзНржнржм ржирж╛ред</li>
<li style=""text-align: justify;"">ржЖржорж░рж╛ рззрзжрзж% рж╕рж╛ржкрзНрж▓рж╛ржЗржпрж╝рж╛рж░ ржЪрж╛рзЯржирж╛рж░ рждрж╛ржЗ ржЖржорж╛ржжрзЗрж░ рззрзжрзж% ржкржгрзНржп рж╕рж░рж╛рж╕рж░рж┐ ржЪрж╛рзЯржирж╛ ржерзЗржХрзЗ ржЖрж╕рзЗред рждрж╛ржЗ ржкржгрзНржп ржЖрж╕рждрзЗ рззрзл ржерзЗржХрзЗ рзирзж ржжрж┐ржи рж╕ржоржпрж╝ рж▓рж╛ржЧрзЗред ржПржЯрж╛ ржорзЗржирзЗржЗ ржЖржкржирж╛ржХрзЗ &nbsp;ржЕрж░рзНржбрж╛рж░ ржХрж░рждрзЗ рж╣ржмрзЗред ржЖржорж╛ржжрзЗрж░ рж╢рж┐ржкрж┐ржВ ржУ ржбрзЗрж▓рж┐ржнрзЗрж░рзА ржкрж▓рж┐рж╕рж┐ ржмрж┐рж╕рзНрждрж╛рж░рж┐ржд ржЬрж╛ржирждрзЗ ржПржЦрж╛ржирзЗ ржХрзНрж▓рж┐ржХ ржХрж░рзБржи <span style=""color: #e03e2d;""><a style=""color: #e03e2d;"" title=""ржПржЦрж╛ржирзЗ ржХрзНрж▓рж┐ржХ ржХрж░рзБржи"" href=""/shipping-and-delivery"" target=""_blank"" rel=""noopener"">ржПржЦрж╛ржирзЗ ржХрзНрж▓рж┐ржХ</a></span><span style=""color: #e03e2d;""><a style=""color: #e03e2d;"" title=""ржПржЦрж╛ржирзЗ ржХрзНрж▓рж┐ржХ ржХрж░рзБржи"" href=""/shipping-and-delivery"" target=""_blank"" rel=""noopener""> ржХрж░рзБржи</a></span></li>
<li style=""text-align: justify;"">рззрзл ржерзЗржХрзЗ рзирзл ржжрж┐ржирзЗрж░ ржоржзрзНржпрзЗ ржкржгрзНржп ржирж░ржорж╛рж▓рж┐ ржЪрж▓рзЗ ржЖрж╕рзЗред рждрж╛рж░ржкрж░ржУ ржЕржирж╛ржХржВржЦрж┐ржд ржЕржирзЗржХ ржХрж╛рж░ржирзЗ рж╕рзЗржЯрж╛ ржмрж┐рж▓ржорзНржм рж╣рждрзЗ ржкрж╛рж░рзЗред рждрж╛ржЗ рж╕рж░рзНржмрзЛржЪрзНржЪ рзкрзж ржжрж┐ржирзЗрж░ ржоржзрзНржпрзЗ ржкржгрзНржп ржмрзБржЭрзЗ ржирж╛ ржкрзЗрж▓рзЗ ржкрж░ржмрж░рзНрждрзА рзл ржХрж░рзНржоржжрж┐ржмрж╕рзЗрж░ ржоржзрзНржпрзЗ ржЖржкржирж╛рж░ ржкрзЗржорзЗржирзНржЯ ржорзЗржержб ржПржХрж╛ржЙржирзНржЯрзЗ рж░рж┐ржлрж╛ржирзНржб ржжрзЗржпрж╝рж╛ рж╣ржмрзЗред</li>
<li>ржЕрж░рзНржбрж╛рж░ ржПрж░ ржжрж┐ржи ржерзЗржХрзЗ рзкрзж ржжрж┐ржирзЗрж░ ржЖржЧрзЗ ржХрзЛржи рж░рж┐ржлрж╛ржирзНржб ржПржкрзНрж▓рж╛ржЗ ржЧрзНрж░рж╣ржиржпрзЛржЧрзНржп рж╣ржмрзЗ ржирж╛ред</li>
<li>ржХрзЛржи ржкржгрзНржпрзЗрж░ ржУржпрж╝рж╛рж░рзЗржирзНржЯрж┐ &nbsp;ржмрж╛ ржЧрзНржпрж╛рж░рж╛ржирзНржЯрж┐ ржжрзЗржпрж╝рж╛ рж╣ржпрж╝ржирж╛ред рж╢рзБржзрзБржорж╛рждрзНрж░ ржкржгрзНржп рж╣рж╛рждрзЗ ржкрж╛ржмрж╛рж░ рзй ржжрж┐ржирзЗрж░ ржоржзрзНржпрзЗ &nbsp;ржХрзЛржи ржЕржнрж┐ржпрзЛржЧ ржкрзЗрж▓рзЗ рж░рж┐ржЯрж╛рж░рзНржи ржмрж╛ рж░рж┐ржлрж╛ржирзНржб ржжрзЗржпрж╝рж╛ рж╣ржпрж╝ред ржмрж┐рж╕рзНрждрж╛рж░рж┐ржд ржЬрж╛ржирждрзЗ ржПржЦрж╛ржирзЗ <span style=""color: #e03e2d;""><a style=""color: #e03e2d;"" title=""ржПржЦрж╛ржирзЗ ржХрзНрж▓рж┐ржХ ржХрж░рзБржи"" href=""/return-and-refund-policy"" target=""_blank"" rel=""noopener"">ржПржЦрж╛ржирзЗ ржХрзНрж▓рж┐ржХ ржХрж░рзБржи</a></span></li>
<li>ржкржгрзНржп ржорзБрж▓рзНржпрзЗрж░ рж╕рж╛ржерзЗ ржмрж╛ржВрж▓рж╛ржжрзЗрж╢рзЗрж░ рж▓рзЛржХрж╛рж▓ ржХрзБрж░рж┐рзЯрж╛рж░ ржЕржирзНрждрж░рзНржнрзБржХрзНржд ржирзЯред ржкржгрзНржпржЖрж╕рж╛рж░ ржкрж░ ржПржЗ ржЦрж░ржЪ ржпрзЛржЧ рж╣ржмрзЗред ржмрж┐рж╕рзНрждрж╛рж░рж┐ржд ржЬрж╛ржирждрзЗ ржПржЦрж╛ржирзЗ <span style=""color: #e03e2d;""><a style=""color: #e03e2d;"" title=""ржПржЦрж╛ржирзЗ ржХрзНрж▓рж┐ржХ ржХрж░рзБржи"" href=""/delivery-charges"" target=""_blank"" rel=""noopener"">ржПржЦрж╛ржирзЗ ржХрзНрж▓рж┐ржХ ржХрж░рзБржи</a></span></li>
<li>ржкржгрзНржп ржорзБрж▓рзНржпрзЗрж░ ржоржзрзНржпрзЗ ржЪрж╛рзЯржирж╛ ржерзЗржХрзЗ ржмрж╛ржВрж▓рж╛ржжрзЗрж╢рзЗ ржЖржирж╛рж░ рж╢рж┐ржкрж┐ржВ ржЪрж╛рж░рзНржЬ ржЕржирзНрждрж░рзНржнрзБржХрзНржд ржирзЯред ржкржгрзНржп ржЖрж╕рж╛рж░ ржкрж░ ржУрзЯрзЗржЯ ржЪрж╛рж░рзНржЬ ржХрзЗржЬрж┐ рж╣рж┐рж╕рзЗржмрзЗ ржпрзЛржЧ рж╣ржмрзЗред ржУрзЯрзЗржЯ ржЪрж╛рж░рзНржЬ рж╕ржВржХрзНрж░рж╛ржирзНржд ржмрж┐рж╕рзНрждрж╛рж░рж┐ржд ржЬрж╛ржирждрзЗ ржПржЦрж╛ржирзЗ <span style=""color: #e03e2d;""><a style=""color: #e03e2d;"" title=""ржПржЦрж╛ржирзЗ ржХрзНрж▓рж┐ржХ ржХрж░рзБржи"" href=""/custom-and-shipping-charge"" target=""_blank"" rel=""noopener"">ржПржЦрж╛ржирзЗ ржХрзНрж▓рж┐ржХ ржХрж░рзБржи</a></span></li>
<li>ржврж╛ржХрж╛рж░ ржоржзрзНржпрзЗ ржкрж╛ржарж╛ржУ ржУ ржкрзЗржкрж╛рж░ржлрзНрж▓рж╛ржЗ &nbsp;ржХрзБрж░рж┐рзЯрж╛рж░ ржУ ржврж╛ржХрж╛рж░ ржмрж╛ржЗрж░рзЗ рж╕рзБржирзНржжрж░ржмржи ржХрзБрж░рж┐рзЯрж╛рж░ ржУ ржПрж╕,ржП ржкрж░рж┐ржмрж╣ржирзЗрж░ ржорж╛ржзрзНржпржорзЗ ржкрж╛ржарж╛ржирзЛ рж╣ржмрзЗред ржбрзЗрж▓рж┐ржнрзЗрж░рзА ржЪрж╛рж░рзНржЬ ржЬрж╛ржирждрзЗ <span style=""color: #e03e2d;""><a style=""color: #e03e2d;"" title=""ржПржЦрж╛ржирзЗ ржХрзНрж▓рж┐ржХ ржХрж░рзБржи"" href=""/delivery-charges"" target=""_blank"" rel=""noopener"">ржПржЦрж╛ржирзЗ ржХрзНрж▓рж┐ржХ ржХрж░рзБржи</a></span></li>
<li>рж╕ржХрж▓ ржорзЗржЯрзНрж░рзЛ &nbsp;рж╢рж╣рж░рзЗ рж╣рзЛржо ржбрзЗрж▓рж┐ржнрзЗрж░рзА ржкрж╛ржмрзЗржиред ржЬрзЗрж▓рж╛ ржУ ржерж╛ржирж╛ ржкрж░рзНржпрж╛ржпрж╝ ржЕржирзЗржХ ржХрзНрж╖рзЗрждрзНрж░рзЗ рж╣рзЛржо ржбрзЗрж▓рж┐ржнрзЗрж░рзА рж╕ржорзНржнржм ржирж╛ рж╣рж▓рзЗ ржХрзБрж░рж┐рзЯрж╛рж░ рж▓рзЛржХрж╛рж▓ ржЕржлрж┐рж╕ ржерзЗржХрзЗ ржкржгрзНржп ржбрзЗрж▓рж┐ржнрзЗрж░рзА ржирж┐рждрзЗ рж╣ржмрзЗред ржпржжрж┐ ржХрзБрж░рж┐рзЯрж╛рж░ ржХрзНржпрж╛рж╢ ржЕржи ржбрзЗрж▓рж┐ржнрзЗрж░рзА ржЧрзНрж░рж╣ржи ржирж╛ ржХрж░рзЗ рж╕рзЗржХрзНрж╖рзЗрждрзНрж░рзЗ ржмржХрзЗрзЯрж╛ ржЯрж╛ржХрж╛ ржЖржЧрзЗржЗ ржкрж░рж┐рж╢рзЛржз ржХрж░рждрзЗ рж╣ржмрзЗ</li>
<li>ржЖржкржирж╛рж░ ржПржХрж╛ржзрж┐ржХ ржкржгрзНржпрзЗрж░ ржЕрж░рзНржбрж╛рж░ ржерж╛ржХрж▓рзЗ рждрж╛ ржПржХ рж╢рж┐ржкржорзЗржирзНржЯрзЗ ржирж╛ржУ ржЖрж╕рждрзЗ ржкрж╛рж░рзЗред ржПржХрзНрж╖рзЗрждрзНрж░рзЗ ржЖржкржирж╛рж░ ржЖржЧрзЗ ржЖрж╕рж╛ ржкржгрзНржпрзЗрж░ ржмржХрзЗрзЯрж╛ ржУ ржУрзЯрзЗржЯ ржЪрж╛рж░рзНржЬ ржжрж┐рзЯрзЗ ржбрзЗрж▓рж┐ржнрзЗрж░рзА ржирж┐рждрзЗ ржкрж╛рж░ржмрзЗржиред&nbsp;</li>
</ul>
<ul>
<li>ржХрзЛржи ржЕржмрзИржз ржкржгрзНржпржЕрж░рзНржбрж╛рж░ ржХрж░рж╛ ржерзЗржХрзЗ ржмрж┐рж░ржд ржерж╛ржХрзБржиред ржпрзЗрж╣рзЗрждрзБ ржЖржорж╛ржжрзЗрж░ рж╕рж╛ржкрзНрж▓рж╛ржЗрзЯрж╛рж░рж░рж╛ ржЪрж╛ржЗржирж┐ржЬ рждрж╛ржЗ рж╕ржм ржзрж░ржирзЗрж░ ржкржирзНржпржЗ ржЖржорж╛ржжрзЗрж░ рж╕рж╛ржЗржЯрзЗ ржкрзЗрждрзЗ ржкрж╛рж░рзЗржиред ржкржгрзНржпржЕрж░рзНржбрж╛рж░ ржХрж░рж╛рж░ ржирж┐рж╖рж┐ржжрзНржз ржкржирзНржпржЧрзБрж▓рж┐рж░ рждрж╛рж▓рж┐ржХрж╛ ржжрзЗржЦрзЗ ржирж┐ржиред ржмрж┐рж╕рзНрждрж╛рж░рж┐ржд ржЬрж╛ржирждрзЗ <span style=""color: #e03e2d;""><a style=""color: #e03e2d;"" title=""ржПржЦрж╛ржирзЗ ржХрзНрж▓рж┐ржХ ржХрж░рзБржи"" href=""/prohibited-items"" target=""_blank"" rel=""noopener"">ржПржЦрж╛ржирзЗ ржХрзНрж▓рж┐ржХ ржХрж░рзБржи</a></span></li>
</ul>",Terms & Conditions page excerpt,publish,NULL,page,standard,img/backend/bg.jpg,storage,1,1,NULL,NULL,16,16,1,13,0
Privacy Policy,privacy-policy,"<div class=""vc_row wpb_row vc_row-fluid vc_custom_1594311398992"">
<div class=""wpb_column vc_column_container vc_col-sm-12"">
<div class=""vc_column-inner"">
<div class=""wpb_wrapper"">
<div class=""wpb_text_column wpb_content_element"">
<div class=""wpb_wrapper"">
<p><span style=""color: #e03e2d;""><strong>ржмрзНржпрж╛ржХрзНрждрж┐ржЧржд рждржерзНржпржГ </strong></span>ржЖржорж░рж╛ ржЖржкржирж╛рж░ ржмрзНржпрж╛ржХрзНрждрж┐ржЧржд рждржерзНржп ржХрзЛржи ржмрзНржпрж╛ржХрзНрждрж┐ ржмрж╛ ржкрзНрж░рждрж┐рж╖рзНржарж╛ржи ржХрзЗ ржХржЦржирзЛ рж╕рж░ржмрж░рж╛рж╣ ржХрж░рж┐ ржирж╛ред рждржмрзЗ ржЖржкржирж╛рж░ ржарж┐ржХрж╛ржирж╛ ржУ ржорзЛржмрж╛ржЗрж▓ ржирж╛ржорзНржмрж╛рж░ ржкржирзНржп ржкрж╛ржарж╛ржирзЛрж░ ржЬржирзНржп ржХрзБрж░рж┐рзЯрж╛рж░ рж╕рж╛рж░рзНржнрж┐рж╕ ржкрзНрж░рждрж┐рж╖рзНржарж╛ржи ржХрзЗ ржжрзЗрзЯрж╛ рж╣ржмрзЗред рждрж╛рж░рж╛ ржпржжрж┐ ржХрзЛржи ржкрзНрж░ржХрж╛рж░ ржкрзНрж░ржорзЛрж╢ржи ржмрж╛ ржЕржирзНржп ржХрж╛ржЬрзЗ ржПржЗ рждржерзНржп ржмрзНржпржмрж╣рж╛рж░ ржХрж░рзЗ рж╕рзЗржЯрж╛ ржЖржорж╛ржжрзЗрж░ ржжрж╛рзЯржмржжрзНржзрждрж╛рж░ ржоржзрзНржпрзЗ ржкрзЬржмрзЗ ржирж╛ред рждржмрзЗ ржЖржЗржи ржкрзНрж░ржпрзЛржЧржХрж╛рж░рзА ржХрзЛржи рж╕ржВрж╕рзНржерж╛ рждрж╛ржжрзЗрж░ ржХрзЛржи рждржжржирзНрждрзЗрж░ ржкрзНрж░рзЯрзЛржЬржирзЗ рждржерзНржп ржЪрж╛ржЗрж▓рзЗ ржЖржорж░рж╛ ржжрж┐рждрзЗ ржмрж╛ржзрзНржп ржерж╛ржХржмрзЛред</p>
<p><span style=""color: #e03e2d;""><strong>ржЕржирж▓рж╛ржЗржи рждржерзНржпржГ</strong></span> ржЖржорж╛ржжрзЗрж░ рж╕рж╛ржЗржЯ <strong>""</strong><strong>S</strong><strong>ecure Sockets Layer"" </strong><strong>SSL</strong> рж╕рж╛рж░рзНржЯрж┐ржлрж╛рзЯрзЗржб рждрж╛ржЗ ржЖржкржирж╛рж░ ржмрзНржпрж╛ржХрзНрждрж┐ржЧржд ржУ ржкрзЗржорзЗржирзНржЯ ржПрж░ рждржерзНржп рззрзжрзж% ржирж┐рж░рж╛ржкржж ржерж╛ржХрзЗред</p>
<p><span style=""color: #e03e2d;""><strong>ржХрж╛рж░рзНржбрзЗрж░ рждржерзНржпржГ</strong></span> ржЖржорж░рж╛ ржмрж╛ржВрж▓рж╛ржжрзЗрж╢рзЗрж░ рж╕ржмржЪрзЗрзЯрзЗ рж╕рж┐ржХрж┐ржЙрж░ржб ржУ ржЗржЙржЬрж╛рж░ ржлрзНрж░рзЗржирзНржбрж▓рж┐ ржкрзЗржорзЗржирзНржЯ ржЧрзЗржЯржУрзЯрзЗ SSLCOMMERZ ржЖржорж╛ржжрзЗрж░ рж╕рж╛ржЗржЯрзЗ ржЗржирзНржЯрзНрж░рж┐ржЧрзНрж░рзЗржЯ ржХрж░рзЗржЫрж┐ ржпрж╛ ржЖржкржирж╛рж░ ржЕржирж▓рж╛ржЗржи ржкрзЗржорзЗржирзНржЯржХрзЗ ржжрзЗржмрзЗ рззрзжрзж% ржирж┐рж░рж╛ржкрждрзНрждрж╛ред рждрж╛ржЫрж╛рзЬрж╛ ржЖржорж╛ржжрзЗрж░ рж╕рж╛ржЗржЯ ржерзЗржХрзЗ ржпржЦржи ржкрзЗржорзЗржирзНржЯ ржХрж░рж╛ рж╣рзЯ рждржЦржи ржЖржорж╛ржжрзЗрж░ рж╕рж╛ржЗржЯ ржерзЗржХрзЗ рж╕рж░рж╛рж╕рж░рж┐ SSLCOMMERZ ржкрзЗржЬ ржП ржирж┐рзЯрзЗ ржкрзЗржорзЗржирзНржЯ ржХржоржкрзНрж▓рж┐ржЯ рж╣рзЯ ржпрж╛ ржЖржкржирж╛рж░ ржХрж╛рж░рзНржбрзЗрж░ рждржерзНржпржХрзЗ ржЖрж░рзЛ ржирж┐рж░рж╛ржкржж рж░рж╛ржЦрзЗред&nbsp; ржЕржи ржЯрж╛ржЗржо ржкрж╛рж╕ржУрзЯрж╛рж░рзНржб ржЫрж╛рзЬрж╛ ржХрзЛржи рж▓рзЗржиржжрзЗржи рж╣рждрзЗ ржкрж╛рж░ржмрзЗржирж╛ рждрж╛ржЗ ржЖржкржирж╛рж░ ржкрзЗржорзЗржирзНржЯ рж╣ржмрзЗ рззрзжрзж% ржирж┐рж░рж╛ржкржжред</p>
</div>
</div>
</div>
</div>
</div>
</div>",Privacy Policy page excerpt,publish,NULL,page,standard,img/backend/bg.jpg,storage,1,1,NULL,NULL,16,16,1,13,0
How To Buy,how-to-buy,"<ul>
<li>ржЖржорж╛ржжрзЗрж░ рж╕рж╛ржЗржЯ ржнрж┐ржЬрж┐ржЯ&nbsp;&nbsp; <a href=""http://www.mybdstore.com/"">www.mybdstore.com</a></li>
<li>рж╕рж╛рж░рзНржЪ ржмрж╛рж░рзЗ ржкржгрзНржпрзЗрж░ ржирж╛ржо/ржоржбрзЗрж▓ рж▓рж┐ржЦрзЗ ржПржирзНржЯрж╛рж░ ржмрж╛ржЯржи ржЪрж╛ржкрзБржи</li>
<li>рж╕рж╛рж░рзНржЪ ржмрж╛рж░рзЗ ржХрзНржпрж╛ржорзЗрж░рж╛ ржЖржЗржХржирзЗ ржХрзНрж▓рж┐ржХ ржХрж░рзЗ ржЫржмрж┐ рж╕рж┐рж▓рзЗржХрзНржЯ ржХрж░рзЗ ржПржирзНржЯрж╛рж░ ржЪрж╛ржкрзБржиред</li>
<li>ржкржгрзНржпрзЗрж░&nbsp; &nbsp;рж░рзЗржЯрж┐ржВ, рж╕рзЗрж▓рж╛рж░ рж░рзЗржЯрж┐ржВ ржжрзЗржЦрзЗ ржирж┐ржи</li>
<li>ржбрзЗрж▓рж┐ржнрзЗрж░рзАрж░ рж╕ржорзНржнрж╛ржмрзНржп рж╕ржорзЯ ржУ рж╢рж░рзНрждрж╛ржмрж▓рж┐ ржЬрзЗржирзЗ ржирж┐ржиред</li>
<li>ржкржгрзНржпржЯрж┐ ржХрж┐ржирждрзЗ ржЪрж╛ржЗрж▓рзЗ рж╕рж╛ржЗржЬ, ржХрж╛рж▓рж╛рж░ ржПржмржВ ржЕржирзНржпрж╛ржирзНржп ржЕржкрж╢ржи рж╕рж┐рж▓рзЗржХрзНржЯ ржХрж░рзЗ ржХрж╛рж░рзНржЯрзЗ ржПрзНржпрж╛ржб ржХрж░рзБржи ржПржмржВ BUY NOW ржХрзНрж▓рж┐ржХ ржХрж░рзБржиред</li>
<li>рж▓ржХрзНрж╖рзНржп ржХрж░рзБржи ржЖржкржирж╛рж░ ржкржгрзНржп ржорзБрж▓рзНржпрзЗрж░ рзлрзж% ржкрзЗржорзЗржирзНржЯ ржЕржкрж╢ржи ржжрзЗржЦрж╛ржЪрзНржЫрзЗред ржПржЗ рзлрзж% ржкрзЗржорзЗржгрзНржЯ ржХрж░рзЗржЗ ржЖржкржирж┐ ржЕрж░рзНржбрж╛рж░ ржкрзНрж▓рзЗрж╕ ржХрж░рждрзЗ ржкрж╛рж░ржмрзЗржиред</li>
<li>ржПржмрж╛рж░ PROCEED ржмрж╛ржЯржирзЗ ржХрзНрж▓рж┐ржХ ржХрж░рзБржиред</li>
<li>ржЖржкржирж╛рж░ ржирж╛ржо, ржарж┐ржХрж╛ржирж╛, ржорзЛржмрж╛ржЗрж▓ ржиржорзНржмрж░ ржУ ржЕржирзНржпрж╛ржирзНржп рждржерзНржп ржжрж┐ржи</li>
<li>ржЖржорж╛ржжрзЗрж░ <strong>TERMS and CONDITION</strong> ржУ <strong>REFUND POLICY</strong>, <strong>PROHIBITTED LIST</strong> ржкрзЬрзЗ ржЪрзЗржХ ржорж╛рж░рзНржХ ржжрж┐ржиред</li>
<li>ржПржмрж╛рж░ <strong>PAY NOW</strong> ржмрж╛ржЯржирзЗ ржХрзНрж▓рж┐ржХ ржХрж░рзБржиред</li>
<li><strong>PAY NOW</strong> ржмрж╛ржЯржирзЗ ржХрзНрж▓рж┐ржХ ржХрж░рж╛рж░ ржкрж░ ржЖржкржирж┐ SSL ржПрж░ ржкрзЗржорзЗржирзНржЯ ржкрзЗржЬ ржкрж╛ржмрзЗржи</li>
<li>ржЖржкржирж╛рж░ рж╕рзБржмрж┐ржзрж╛ржоржд ржкрзЗржорзЗржирзНржЯ ржЕржкрж╢ржи рж╕рж┐рж▓рзЗржХрзНржЯ ржХрж░рзЗ ржирж┐ржи</li>
<li>ржПржмрж╛рж░ ржкрзЗржорзЗржирзНржЯ рж╕ржВржХрзНрж░рж╛ржирзНржд рждржерзНржп ржжрж┐ржи ржПржмржВ <strong>PAY (ржЯрж╛ржХрж╛рж░ ржкрж░рж┐ржорж╛ржи)</strong> ржмрж╛ржЯржирзЗ ржХрзНрж▓рж┐ржХ ржХрж░рзБржи</li>
<li>ржПржмрж╛рж░ ржкрзЗржорзЗржирзНржЯ рж╕рж┐рж╕рзНржЯрзЗржо ржерзЗржХрзЗ ржЖржкржирж┐ <strong>OTP </strong>ржХрзЛржб ржкрж╛ржмрзЗржиред</li>
<li>OTP ржХрзЛржб ржжрзЗржУрзЯрж╛рж░ ржкрж░ ржЖржкржирж╛рж░ ржкрзЗржорзЗржирзНржЯ ржХржоржкрзНрж▓рж┐ржЯ рж╣ржмрзЗ ржПржмржВ ржЖржкржирж╛рж░ ржЗ-ржорзЗржЗрж▓рзЗ ржПржХржЯрж┐ ржХржиржлрж╛рж░рзНржорзЗрж╢ржи ржорзЗржЗрж▓ ржкрж╛ржмрзЗржиред</li>
<li>ржЖржорж╛ржжрзЗрж░ ржХрж╛ржЫрзЗ ржЖржкржирж╛рж░ ржЕрж░рзНржбрж╛рж░ ржЬржорж╛ рж╣ржмрзЗ ржПржмржВ ржЖржорж░рж╛ рждрж╛ ржкрзНрж░рж╕рзЗрж╕ ржПрж░ ржХрж╛ржЬ рж╢рзБрж░рзБ ржХрж░ржмрзЛред</li>
</ul>",Careers page excerpt,publish,NULL,page,standard,img/backend/bg.jpg,storage,0,1,NULL,NULL,16,16,1,13,0
Demo Post Title,demo-post-title,Demo Post Title Content,Demo Post Title Content,publish,NULL,post,standard,img/backend/bg.jpg,storage,1,1,NULL,NULL,1,1,1,13,0
ржХрж┐ржнрж╛ржмрзЗ ржУржЬржи рж╣рж┐рж╕рж╛ржм ржХрж░рж╛ рж╣рзЯ ?,do-you-deliver-outside-dhaka,"<p><span style=""color: #000000;""><span style=""color: #ba372a;"">ржУржЬржи рж╣рж┐рж╕рж╛ржмржГ</span> ржЖржорж╛ржжрзЗрж░ ржмрзЗрж╢рж┐рж░ржнрж╛ржЧ ржмрзНржпржмрж╕рж╛ рж╣рзЯ ржпрж╛рж░рж╛ ржирждрзБржи ржЙржжрзНржпрзЛржХрзНрждрж╛ ржмрж╛ ржЫрзЛржЯ/ржорж╛ржЭрж╛рж░рзА ржмрзНржпржмрж╕рж╛рзЯрзАред рждрж╛ржЗ ржЖржорж╛ржжрзЗрж░ ржЕрж░рзНржбрж╛рж░ржЧрзБрж▓рж┐ рж╣рзЯ ржЫрзЛржЯ рж╕рж╛ржЗржЬрзЗрж░ред ржХрж┐ржирзНрждрзБ ржкржирзНржпржЧрзБрж▓рж┐ ржЪрж╛рзЯржирж╛ ржерзЗржХрзЗ ржмрзЬ ржХрж╛рж░рзНржЯрзБржирзЗ рж░рж┐-ржкрзНржпрж╛ржХрж┐ржВ ржХрж░рзЗ рждрж╛рж░ржкрж░ рж╢рж┐ржкржорзЗржирзНржЯ ржХрж░рждрзЗ рж╣рзЯред ржЙржХрзНржд ржмрзЬ ржХрж╛рж░рзНржЯрзБржирзЗрж░ ржЬржирзНржп ржЖржорж╛ржжрзЗрж░ ржЪрж╛рзЯржирж╛рждрзЗ ржкрзЗржорзЗржирзНржЯ ржХрж░рждрзЗ рж╣рзЯ ржПржмржВ ржПрзЯрж╛рж░/рж╢рж┐ржк/ржХрж╛рж╕рзНржЯржорж╕ рж╕ржмрж╛ржЗржХрзЗ ржЯрзЛржЯрж╛рж▓ ржУржЬржирзЗрж░ ржЙржкрж░рзЗ ржкрзЗржорзЗржирзНржЯ ржХрж░рждрзЗ рж╣рзЯред ржХрж┐ржирзНрждрзБ ржЖржорж╛ржжрзЗрж░ ржмрзЗрж╢рж┐рж░ржнрж╛ржЧ ржХрж╛рж╕рзНржЯржорж╛рж░ ржПржЗ ржмрзЬ ржХрж╛рж░рзНржЯрзБржирзЗрж░ ржнрж╛ржЧ ржирж┐рждрзЗ ржЪрж╛ржи ржирж╛ред рждрж╛ржЗ ржЖржорж╛ржжрзЗрж░ ржкрзНрж░рждрж┐ржЯрж┐ ржкржгрзНржп ржЖрж▓рж╛ржжрж╛ ржХрж░рзЗ ржУржЬржи ржХрж░рждрзЗ рж╣рзЯред ржЖржорж╛ржжрзЗрж░ ржкрзНрж░рждрж┐ржЯрж┐ ржкрзНржпрж╛ржХрзЗржЯ ржПрж░ ржУржЬржи ржЖрж▓рж╛ржжрж╛ рж╣ржмрзЗ рззрзжрзж ржЧрзНрж░рж╛ржо ржПрж░ ржЧрзВржирж┐рждржХ рж╣рж┐рж╕рж╛ржм ржХрж░рж╛ рж╣рзЯред ржпрзЗржоржи ржЖржкржирж╛рж░ ржХрзЛржи ржкрзНржпрж╛ржХрзЗржЯ ржПрж░ ржУржЬржи рзмрзирзж ржЧрзНрж░рж╛ржо рж╣рж▓рзЛ рждрж╛рж╣рж▓рзЗ рзнрзжрзж ржЧрзНрж░рж╛ржо рж╣рж┐рж╕рж╛ржм рж╣ржмрзЗред ржпржжрж┐ ржЖржкржирж╛рж░ ржПржХрж╛ржзрж┐ржХ ржЕрж░рзНржбрж╛рж░ ржерж╛ржХрзЗ рждрж╛рж╣рж▓рзЗржУ ржкрзНрж░рждрж┐ ржкрзНржпрж╛ржХрзЗржЯ ржЖрж▓рж╛ржжрж╛ ржЖрж▓рж╛ржжрж╛ ржУржЬржи рж╣рж┐рж╕рж╛ржм рж╣ржмрзЗред</span></p>",NULL,publish,NULL,faq,general_question,NULL,NULL,1,NULL,NULL,NULL,9,9,1,0,0
ржХрж┐ржнрж╛ржмрзЗ ржЕрж░рзНржбрж╛рж░ ржХрж░рждрзЗ рж╣ржмрзЗ ?,how-to-placed-your-order,"<p>тЬЕ ржЖржкржирж┐ ржпрзЗ ржкржирзНржп ржХрж┐ржирждрзЗ ржЪрж╛ржи рждрж╛рж░ ржЫржмрж┐ ржЧрзБржЧрж▓/ржЖрж▓рж┐ржПржХрзНрж╕ржкрзНрж░рзЗрж╕/ржжрж╛рж░рж╛ржЬ ржмрж╛ ржпрзЗржХрзЛржи рж╕рж╛ржЗржЯ ржерзЗржХрзЗ ржХрж╛рж▓рзЗржХрзНржЯ ржХрж░рзЗ ржорзЛржмрж╛ржЗрж▓/ржХржорзНржкрж┐ржЙржЯрж╛рж░рзЗ рж╕рзЗржн рж░рж╛ржЦрзБржиред</p>
<p>тЬЕ ржПржмрж╛рж░ ржЖржорж╛ржжрзЗрж░ рж╕рж╛ржЗржЯ&nbsp;<a href=""https://www.chinabazarb2b.com/""><strong>WWW.CHINABAZARB2B.COM</strong></a>&nbsp;рж╕рж╛ржЗржЯ ржП ржпрж╛ржиред</p>
<p>тЬЕ рж╕рж╛рж░рзНржЪ ржмрж╛рж░рзЗ ржХрзНржпрж╛ржорзЗрж░рж╛рж░ ржЖржЗржХржирзЗ ржХрзНрж▓рж┐ржХ ржХрж░рзЗ ржЖржкржирж╛рж░ ржкржЫржирзНржжрзЗрж░ ржЫржмрж┐ржЯрж┐ рж╕рж┐рж▓рзЗржХрзНржЯ ржХрж░рзЗ ржПржирзНржЯрж╛рж░ ржмрж╛ржЯржи ржЪрж╛ржкрзБржиред</p>
<p>тЬЕ ржЕржержмрж╛ ржЖржкржирж┐ ржпрзЗ ржкржирзНржп ржХрж┐ржирждрзЗ ржЪрж╛ржи рждрж╛рж░ ржирж╛ржо/ржоржбрзЗрж▓ рж╕рж╛рж░рзНржЪ ржмрж╛рж░рзЗ рж▓рж┐ржЦрзЗ ржПржирзНржЯрж╛рж░ ржжрж┐ржи ржЕржержмрж╛ рж╕рж╛рж░рзНржЪ ржЪрж┐рж╣рзНржирзЗ ржХрзНрж▓рж┐ржХ ржХрж░рзБржи</p>
<p>тЬЕ ржжрзЗржЦржмрзЗржи ржЖржкржирж╛рж░ ржжрзЗрзЯрж╛ ржЫржмрж┐/рж▓рзЗржЦрж╛рж░ рж╕рж╛ржерзЗ ржорзНржпрж╛ржЪ ржХрж░рзЗ ржмрж┐ржнрж┐ржирзНржи ржжрж╛ржорзЗрж░ ржЕржирзЗржХ ржкржирзНржп ржжрзЗржЦрж╛ ржпрж╛ржЪрзНржЫрзЗред</p>
<p>тЬЕ ржЖржкржирж╛рж░ ржмрж╛ржЬрзЗржЯ ржПрж░ рж╕рж╛ржерзЗ ржорзНржпрж╛ржЪ ржХрж░рзЗ ржПржоржи ржкржирзНржпрзЗрж░ ржЙржкрж░ ржХрзНрж▓рж┐ржХ ржХрж░рзБржи ржПржмржВ ржкржирзНржпрзЗрж░ ржбрж┐ржЯрзЗржЗрж▓рж╕ ржУ рж╕рзЗрж▓рж╛рж░ рж░рзЗржЯрж┐ржВ ржжрзЗржЦрзБржиред</p>
<p>тЬЕ ржпржжрж┐ ржкржирзНржпржЯрж┐ ржЖржкржирж╛рж░ ржкржЫржирзНржж рж╣рзЯ рждрж╛рж╣рж▓рзЗ ADD TO CART ржХрзНрж▓рж┐ржХ ржХрж░рзБржи (ржоржирзЗ рж░рж╛ржЦржмрзЗржи ржирзНржпрзБржирждржо рзй ржкрж┐рж╕рзЗрж░ ржирж┐ржЪрзЗ /рззрзлрзжрзж ржЯрж╛ржХрж╛рж░ ржирж┐ржЪрзЗ ржЕрж░рзНржбрж╛рж░ ржХрж░рж▓рзЗ ADD TO CART ржмрж╛ржЯржи ржХрж╛ржЬ ржХрж░ржмрзЗ ржирж╛ред рждрж╛ржЗ ржорж┐ржирж┐ржорж╛ржо рзй ржкрж┐рж╕/рж╕рзЗржЯ ржЕрж░рзНржбрж╛рж░ ржХрж░рждрзЗ рж╣ржмрзЗред</p>
<p>тЬЕ ADD TO CART ржХрж░рж╛рж░ ржкрж░ ржЖржкржирж┐ ржкржирзНржпрзЗрж░ ржорзБрж▓рзНржп ржУ ржЪрж╛рзЯржирж╛ ржерзЗржХрзЗ ржмрж╛ржВрж▓рж╛ржжрзЗрж╢рзЗрж░ рж╢рж┐ржкрж┐ржВ ржУ ржХрж╛рж╖рзНржЯржорж╕ ржЪрж╛рж░рзНржЬ ржЖрж▓рж╛ржжрж╛ржнрж╛ржмрзЗ ржжрзЗржЦрждрзЗ ржкрж╛рж░ржмрзЗржиред</p>
<p>тЬЕ ржЪрж╛рзЯржирж╛ ржерзЗржХрзЗ ржмрж╛ржВрж▓рж╛ржжрзЗрж╢рзЗрж░ рж╢рж┐ржкрж┐ржВ ржУ ржХрж╛рж╖рзНржЯржорж╕ ржЪрж╛рж░рзНржЬ ржПржЯрж╛ рж╕рж╛ржЗржЯрзЗ ржЙрж▓рзНрж▓рзЗржЦрж┐ржд ржУржЬржи ржПрж░ ржЙржкрж░ рж╣рж┐рж╕рж╛ржм рж╣рзЯред рждржмрзЗ ржкржирзНржп ржЖрж╕рж╛рж░ ржкрж░ ржкрзНрж░ржХрзГржд ржУржЬржи рж╣рж┐рж╕рзЗржмрзЗ рж╢рж┐ржкрж┐ржВ ржЪрж╛рж░рзНржЬ ржкрзБржиржГржирж┐рж░рзНржзрж╛рж░рж┐ржд рж╣ржмрзЗред</p>
<p>тЬЕ ржЖржкржирж┐ ржкржирзНржпржЯрж┐рж░ ржЕрж░рзНржбрж╛рж░ ржХржиржлрж╛рж░рзНржо ржХрж░рждрзЗ ржЪрж╛ржЗрж▓рзЗ ржПржмрж╛рж░ CHECK OUT ржмрж╛ржЯржи ржкрзНрж░рзЗрж╕ ржХрж░рзЗ ржкрзЗржорзЗржирзНржЯ ржЕржкрж╢ржирзЗ ржпрж╛ржиред</p>
<p>тЬЕ рж▓ржХрзНрж╖рзНржп ржХрж░рзБржи ржЖржкржирж╛рж░ ржЯрзЛржЯрж╛рж▓ ржорзБрж▓рзНржпрзЗрж░ рзлрзж% ржЯрж╛ржХрж╛ ржкрзЗржорзЗржирзНржЯ ржЕржкрж╢ржирзЗ ржжрзЗржЦрж╛ржЪрзНржЫрзЗред ржПржЗ рзлрзж% ржкрзЗржорзЗржирзНржЯ ржХрж░рзЗржЗ ржЖржкржирж┐ ржЕрж░рзНржбрж╛рж░ ржХрж░рждрзЗ ржкрж╛рж░ржмрзЗржиред ржмрж╛ржХрж┐ ржЯрж╛ржХрж╛ ржкржирзНржп ржЖрж╕рж╛рж░ ржкрж░ ржбрзЗрж▓рж┐ржнрзЗрж░рзАрж░ рж╕ржорзЯ ржкрзЗржорзЗржирзНржЯ ржХрж░ржмрзЗржиред</p>
<p>тЬЕ ржЖржкржирж┐ ржкрзЗржорзЗржирзНржЯ ржЕржкрж╢ржи ржерзЗржХрзЗ ржпрзЗржХрзЛржи рж▓рзЛржХрж╛рж▓ ржХрж╛рж░рзНржб/ржмрж┐ржХрж╛рж╢/рж░ржХрзЗржЯрзЗрж░ ржорж╛ржзрзНржпржорзЗ ржкрзЗржорзЗржирзНржЯ ржХрж░рждрзЗ ржкрж╛рж░ржмрзЗржи</p>
<p>тЬЕ ржкрзЗржорзЗржирзНржЯ ржХржоржкрзНрж▓рж┐ржЯ рж╣рж▓рзЗ рж╕рж╛ржерзЗ рж╕рж╛ржерзЗ ржЖржкржирж╛рж░ ржорзЗржЗрж▓ ржП ржХржиржлрж╛рж░рзНржорзЗрж╢ржи рж╕рж╣ ржЪрж╛рж▓рж╛ржи ржкрж╛ржмрзЗржиред</p>
<p>тЬЕ ржпржжрж┐ ржЖржкржирж┐ ржЕржирж▓рж╛ржЗржирзЗ ржкрзЗржорзЗржирзНржЯ ржП ржЕржнрзНржпрж╕рзНржд ржирж╛ ржерж╛ржХрзЗржи рждрж╛рж╣рж▓рзЗ ржЖржорж╛ржжрзЗрж░ ржкрзНрж░рждрж┐ржирж┐ржзрж┐рж░ рж╣рзЗрж▓рзНржк ржирж┐ржиред ржЖржкржирж╛рж░ ржкржЫржирзНржжрзЗрж░ ржкржирзНржпрзЗрж░ рж▓рж┐ржЩрзНржХ ржЖржорж╛ржжрзЗрж░ ржЗржиржмржХрзНрж╕ ржХрж░рзБржиред ржЖржорж╛ржжрзЗрж░ ржкрзНрж░рждрж┐ржирж┐ржзрж┐ ржЖржкржирж╛ржХрзЗ рж╕ржорзНржкрзВрж░рзНржг ржнрж╛ржмрзЗ рж╕рж╣ржпрзЛржЧрзАрждрж╛ ржХрж░ржмрзЗржиред</p>
<p>ржЯрж┐ржЙржЯрзЛрж░рж┐рзЯрж╛рж▓ржГ https://www.youtube.com/watch?v=M--_y_JfXdk&amp;t=52s</p>",NULL,publish,NULL,faq,general_question,NULL,NULL,1,NULL,NULL,NULL,9,9,1,0,0
Return and Refund Policy,return-and-refund-policy,"<p style=""text-align: justify;"">ржЖржкржирж╛рж░рж╛ ржЬрж╛ржирзЗржи ржЖржкржирж╛ржжрзЗрж░ ржЕрж░рзНржбрж╛рж░ржХрзГржд ржкржгрзНржп ржЖржорж░рж╛ рж╕рж░рж╛рж╕рж░рж┐ ржЪрж╛рзЯржирж╛ рж╕рж╛ржкрзНрж▓рж╛ржЗрзЯрж╛рж░ ржерзЗржХрзЗ ржХрзНрж░рзЯ ржХрж░рзЗ ржерж╛ржХрж┐ред ржпрж╛рж░ ржЬржирзНржп ржЖржорж╛ржжрзЗрж░ ржбрзЗрж▓рж┐ржнрзЗрж░рзА рж╕ржорзЯ рззрзл ржерзЗржХрзЗ рзирзл ржжрж┐ржи рж╣рзЯрзЗ ржерж╛ржХрзЗред ржпрзЗрж╣рзЗрждрзБ ржкрзНрж░рждрж┐ржЯрж┐ ржкржгрзНржп ржЕржирзЗржХ ржЧрзБрж▓рж┐ ржзрж╛ржк ржкрж╛рж░ рж╣рзЯрзЗ ржЖржорж╛ржжрзЗрж░ рж╣рж╛рждрзЗ ржЖрж╕рзЗ рждрж╛ржЗ рж╕рзНржмржнрж╛ржмржд ржХрж┐ржЫрзБ рж╕ржорж╕рзНржпрж╛ рж╣рждрзЗ ржкрж╛рж░рзЗред ржЖржорж░рж╛ ржЖржорж╛ржжрзЗрж░ ржХрж╛рж╖рзНржЯржорж╛рж░ржжрзЗрж░ рж╕рж░рзНржмрзЛржЪрзНржЪ ржЧрзБрж░рзБрждрзНржм ржжрж┐ржпрж╝рзЗ рждрж╛ржжрзЗрж░ рж╕рж╛ржерзЗ рж╕ржВржЧржарж┐ржд ржпрзЗржХрзЛржи рж╕ржорж╕рзНржпрж╛ ржжрзНрж░рзБржд рж╕ржорж╛ржзрж╛ржирзЗрж░ ржЪрзЗрж╖рзНржЯрж╛ ржХрж░рзЗ ржерж╛ржХрж┐ред ржирж┐ржорзНржирзЛржХрзНржд рж╢рж░рзНрждрж╕рж╛ржкрзЗржХрзНрж╖рзЗ ржЖржорж░рж╛ ржкржгрзНржп ржлрзЗрж░ржд ржХрж┐ржВржмрж╛ рж░рж┐ржлрж╛ржирзНржб ржХрж░рзЗ ржерж╛ржХрж┐ред</p>
<p>ЁЯОп ржпржжрж┐ ржкрзНржпрж╛ржХрзЗржЯрзЗрж░ ржнрж┐рждрж░рзЗ ржкржгрзНржпржнрж╛ржВржЧрж╛ ржкрзЗрзЯрзЗ ржерж╛ржХрзЗржиред</p>
<p>ЁЯОп ржУрзЯрзЗржмрж╕рж╛ржЗржЯрзЗ ржжрзЗржУрзЯрж╛ ржкржгрзНржпрзЗрж░ ржмрж░рзНржгржирж╛рж░ рж╕рж╛ржерзЗ ржкржгрзНржпрзЗрж░ ржорж┐рж▓ ржирж╛ ржерж╛ржХрж▓рзЗ</p>
<p>ЁЯОп ржЙрзОржкрж╛ржжржиржЧржд рждрзНрж░рзБржЯрж┐ ржерж╛ржХрж▓рзЗред</p>
<p>ЁЯОп ржЗрж▓рзЗржХржЯрзНрж░ржирж┐ржХ ржкржгрзНржпрзЗрж░&nbsp; &nbsp;ржХрзНрж╖рзЗрждрзНрж░рзЗ ржпржжрж┐ ржкрж╛ржУржпрж╝рж╛рж░ / ржбрж┐рж╕ржкрзНрж▓рзЗ/ ржЪрж╛рж░рзНржЬрж┐ржВ рж╕ржВржХрзНрж░рж╛ржирзНржд рж╕ржорж╕рзНржпрж╛ рж╣ржпрж╝ рждрж╛рж╣рж▓рзЗ ржЙржкржпрзБржХрзНржд рждржерзНржпрж╕рж╣ ржнрж┐ржбрж┐ржУ ржжрж┐рждрзЗ рж╣рждрзЗ ржкрж╛рж░рзЗред</p>
<p>ЁЯОп ржЕрж░рзНржбрж╛рж░ржХрзГржд ржкржгрзНржпрзЗрж░ ржкрж░рж┐ржорж╛ржи ржХржо ржЖрж╕рж▓рзЗред</p>
<p>&nbsp;</p>
<p>ЁЯЪл ЁЯЪл ржпрзЗрж╕ржм ржХрзНрж╖рзЗрждрзНрж░рзЗ рж░рж┐ржЯрж╛рж░рзНржг ржжрзЗржпрж╝рж╛ рж╣ржпрж╝ржирж╛- ЁЯЪл ЁЯЪл</p>
<p>ЁЯОп ржЗрж▓рзЗржХржЯрзНрж░ржирж┐ржХрзНрж╕ ржкржгрзНржпрзЗрж░ ржХрзЛржи ржУрзЯрж╛рж░рзЗржирзНржЯрж┐ ржмрж╛ ржЧрзНржпрж╛рж░рж╛ржирзНржЯрж┐ ржжрзЗрзЯрж╛ рж╣рзЯржирж╛ред</p>
<p>ЁЯОп ржпрзЗржХрзЛржи ржХрж╛рж▓рж╛рж░ рж╕рзНржХрзНрж░рж┐ржирзЗ ржжрзЗржЦрж╛ржирзЛ ржХрж╛рж▓рж╛рж░рзЗрж░ рж╕рж╛ржерзЗ рзл% ржерзЗржХрзЗ рззрзж% ржкрж░рзНржпржирзНржд ржкрж╛рж░рзНржержХрзНржп ржоржирзЗ рж╣рждрзЗ ржкрж╛рж░рзЗ ржпрж╛ рж╕рзНржмрж╛ржнрж╛ржмрж┐ржХ ржзрж░рж╛ рж╣ржмрзЗред ржХрж╛рж░ржи рж╕рзНржХрзНрж░рж┐ржи ржПрж░ рж░рзЗржЬрзБрж▓рзЗрж╢ржи ржПрж░ ржХрж╛рж░ржирзЗ ржЖржорж╛ржжрзЗрж░ ржЪрзЛржЦрзЗ ржХрж╛рж▓рж╛рж░рзЗрж░ рждрж╛рж░рждржорзНржп ржоржирзЗ рж╣рзЯред</p>
<p>ЁЯОп ржЖржкржирж╛рж░ ржарж┐ржХрж╛ржирж╛ ржнрзБрж▓рзЗрж░ ржХрж╛рж░ржирзЗ ржкржгрзНржп ржирж╛ ржкрзЗрж▓рзЗред</p>
<p>ЁЯОп &ldquo;ржкржгрзНржп ржкржЫржирзНржж рж╣ржпрж╝ржирж┐&rdquo; ржХрж┐ржВржмрж╛ &ldquo;ржЖржорж╛рж░ ржПржЦржи ржкржирзНржпржЯрж┐ ржжрж░ржХрж╛рж░ ржирзЗржЗ&rdquo; ржПржЗ ржзрж░ржирзЗрж░ ржХрзНрж╖рзЗрждрзНрж░рзЗред</p>
<p>ЁЯОп ржХрзЛржи ржкржирзНржпржЗ ржкрж░рж┐ржмрж░рзНрждржи ржмрж╛ ржлрзЗрж░рждржпрзЛржЧрзНржп ржиржпрж╝ ржпржжрж┐ ржХрзЛржи рж╕ржорж╕рзНржпрж╛ ржирж╛ ржерж╛ржХрзЗред</p>
<p>ЁЯОп ржкржгрзНржп рж╕рж╛ржкрзНрж▓рж╛ржЗрзЯрж╛рж░ ржерзЗржХрзЗ рж╢рж┐ржкржб рж╣ржмрж╛рж░ ржкрж░ ржЖрж░ ржкрж░рж┐ржмрж░рзНрждржи рж╕ржорзНржнржм ржирзЯред рж╕рж╛ржзрж╛рж░ржгржд ржЕрж░рзНржбрж╛рж░ ржкрзНрж▓рзЗрж╕ ржХрж░рж╛рж░ рзй ржерзЗржХрзЗ рзирзк ржШржирзНржЯрж╛рж░ ржоржзрзНржпрзЗ рж╢рж┐ржкржорзЗржирзНржЯ рж╣рзЯрзЗ ржпрж╛рзЯред</p>
<p>ЁЯОп ржбрзЗрж▓рж┐ржнрзЗрж░рзАрж░ рж╕рж░рзНржмрзЛржЪрзНржЪ рж╕ржорзЯржХрж╛рж▓ рзйрзл ржжрж┐ржи ржкрж╛рж░ рж╣ржУрзЯрж╛рж░ ржЖржЧрзЗ рж░рж┐ржлрж╛ржирзНржб ржЪрж╛ржЗрж▓рзЗ ржжрзЗржпрж╝рж╛ рж╕ржорзНржнржм ржиржпрж╝ред</p>
<p>ЁЯОп ржкржгрзНржпрж╣рж╛рждрзЗ ржкрж╛ржУржпрж╝рж╛рж░ рзй ржжрж┐ржи ржкрж░рзЗ ржЕржнрж┐ржпрзЛржЧ ржХрж░рж╛ ржирж╛ рж╣рж▓рзЗред</p>
<p>&nbsp;</p>
<p><strong><span style=""color: #e03e2d;"">рж░рж┐ржлрж╛ржирзНржб ржПржкрзНрж▓рж╛ржЗ ржПрж░ ржирж┐рзЯржоржГ</span></strong></p>
<p style=""text-align: justify;"">ржкржгрзНржпржнрж╛ржВржЧрж╛ ржмрж╛ ржирж╖рзНржЯ ржкрзЗрж▓рзЗ ржкржгрзНржпрж╣рж╛рждрзЗ ржкрж╛ржмрж╛рж░ рзй ржжрж┐ржирзЗрж░ ржоржзрзНржпрзЗ ржирзНржпрзБржирждржо рзй ржЯрж┐ ржЫржмрж┐ рж╕рж╣ ржХрзНрж▓рзЗржЗржо ржХрж░рждрзЗ рж╣ржмрзЗред ржЖржорж╛ржжрзЗрж░ ржкрзЗржЬ ржЗржиржмржХрзНрж╕ / рж╕рж╛ржкрзЛрж░рзНржЯ ржорзЗржЗрж▓ <a href=""mailto:support@mybdstore.com"">support@mybdstore.com</a> ржП ржЬрж╛ржирж╛рждрзЗ рж╣ржмрзЗред</p>
<ul>
<li>ржирж╛ржоржГ</li>
<li>ржарж┐ржХрж╛ржирж╛ржГ</li>
<li>ржорзЛржмрж╛ржЗрж▓ ржирж╛ржорзНржмрж╛рж░ржГ</li>
<li>ржЕрж░рзНржбрж╛рж░ ржирж╛ржорзНржмрж╛рж░ржГ</li>
<li>рж░рж┐ржлрж╛ржирзНржб ржПрж░ ржХрж╛рж░ржиржГ</li>
<li>рзй ржЯрж╛ ржЫржмрж┐ ржпрж╛рждрзЗ ржЖржкржирж╛рж░ ржкржгрзНржпрзЗрж░ &nbsp;рж╕ржорж╕рзНржпрж╛рж░&nbsp; ржХрж╛рж░ржи ржЧрзБрж▓рзЛ ржмрзЛржЭрж╛ ржпрж╛рзЯржГ</li>
<li>ржЗрж▓рзЗржХрзНржЯрзНрж░рж┐ржХ ржкржгрзНржпрзЗрж░ &nbsp;ржХрзНрж╖рзЗрждрзНрж░рзЗ (ржЪрж╛рж░рзНржЬрж┐ржВ рж╕ржорж╕рзНржпрж╛, ржбрж┐рж╕ржкрзНрж▓рзЗ ржЖрж╕рзЗржирж╛, ржкрж╛ржУрзЯрж╛рж░ ржХрж╛ржЬ ржХрж░рзЗржирж╛) ржнрж┐ржбрж┐ржУ ржжрж┐рждрзЗ рж╣ржмрзЗ ржпрж╛рждрзЗ ржмрзЛржЭрж╛ ржпрж╛рзЯ ржпрзЗ ржбрж┐ржнрж╛ржЗрж╕ржЯрж┐ ржХрж╛ржЬ ржХрж░ржЫрзЗ ржирж╛ред</li>
</ul>",NULL,publish,NULL,page,standard,NULL,NULL,1,NULL,NULL,NULL,16,16,1,0,0
Secured Payment,secured-payment,"<p>ржЖржорж░рж╛ ржЖржорж╛ржжрзЗрж░ ржХрж╛рж╖рзНржЯржорж╛рж░ ржерзЗржХрзЗ ржкрзЗржорзЗржирзНржЯ ржирж┐рждрзЗ ржмрж╛ржВрж▓рж╛ржжрзЗрж╢рзЗрж░ рж╕рж░рзНржмрж╛ржзрж┐ржХ ржмрзНржпржмрж╣рзГржд ржУ ржирж┐рж░рж╛ржкржж&nbsp; ржЕржирж▓рж╛ржЗржи ржкрзЗржорзЗржирзНржЯ ржЧрзЗржЯржУрзЯрзЗ SSL Commerz ржПрж░ рж╕рж╛ржерзЗ ржЖржорж╛ржжрзЗрж░ рж╕рж╛ржЗржЯ рж╕ржВржпрзБржХрзНржд ржХрж░рзЗржЫрж┐ред ржпрж╛рж░ ржлрж▓рзЗ ржЖржкржирж╛рж░ ржкрзНрж░рждрж┐ржЯрж┐ рж▓рзЗржиржжрзЗржи рж╣ржмрзЗ рззрзжрзж% ржирж┐рж░рж╛ржкржжред ржЖржорж╛ржжрзЗрж░ ржХрж╛рж╖рзНржЯржорж╛рж░рж░рж╛ ржирж┐ржорзНржирзЛржХрзНржд ржкрзНрж░ржЯрзЗржХрж╢рж╛ржи рж╕рж╛ржкрзЛрж░рзНржЯ ржкрзЗрзЯрзЗ ржерж╛ржХрзЗржи</p>
<ul>
<li>ржирж┐ржЬрж╕рзНржм ржЕржлрж┐рж╕</li>
<li>рзлрзж% ржкрзЗржорзЗржирзНржЯрзЗ ржЕрж░рзНржбрж╛рж░ ржХрж░рж╛рж░ рж╕рзБржмрж┐ржзрж╛</li>
<li>ржЕржирж╛ржХрж╛ржЩрзНржХрзНрж╖рж┐ржд ржЯрзНржпрж╛ржХрзНрж╕рзЗрж░ ржЭрж╛ржорзЗрж▓рж╛ ржирж╛ржЗред</li>
<li>рззрзорзж ржжрж┐ржи ржкрж░рзНржпржирзНржд ржкрж╛рж░ржЪрзЗржЬ ржкрзНрж░ржЯрзЗржХрж╢рж╛ржи (ржкрзЗржорзЗржирзНржЯ ржЧрзЗржЯржУрзЯрзЗ ржерзЗржХрзЗ)</li>
<li>ржмрж┐ржХрж╛рж╢, рж░ржХрзЗржЯ, ржирзЗржХрзНрж╕рж╛рж╕-ржкрзЗ, ржиржЧржж ржорж╛рж░рзНржЪрзЗржирзНржЯ ржПржХрж╛ржЙржирзНржЯрзЗ рж▓рзЗржиржжрзЗржи ржХрж░рж╛ рж╣рзЯред</li>
<li>ржкрзНрж░рждрж┐рж╖рзНржарж╛ржирзЗрж░ ржирж╛ржорзЗ ржмрзНржпрж╛ржВржХ ржПржХрж╛ржЙржирзНржЯрзЗ рж▓рзЗржиржжрзЗржиред</li>
<li>SSL ржУ ржерзНрж░рж┐ржбрж┐ рж╕рж┐ржХрж┐ржЙрж░ржб рж╕рж╛ржЗржЯ рждрж╛ржЗ <strong>OTP </strong>ржЫрж╛рзЬрж╛ ржХрзЛржи ржкрзЗржорзЗржирзНржЯ рж╣рзЯ ржирж╛ред</li>
<li>ржжрзЗрж╢рзЗрж░ рж╕рзЗрж░рж╛ ржкрзЗржорзЗржирзНржЯ ржЧрзЗржЯржУрзЯрзЗрж░ ржорж╛ржзрзНржпржорзЗ ржкрзЗржорзЗржирзНржЯ рж╕рзБржмрж┐ржзрж╛ред</li>
<li>рж╕рж╛ржЗржЯрзЗ ржЙрж▓рзНрж▓рзЗржЦрж┐ржд ржмрж░рзНржгржирж╛рж░ рж╕рж╛ржерзЗ ржкржгрзНржпрзЗрж░ &nbsp;рззрзжрзж% ржорж┐рж▓ ржирждрзБржмрж╛ рж░рж┐ржлрж╛ржирзНржбред</li>
<li>рззрзл ржерзЗржХрзЗ рзирзж ржжрж┐ржирзЗрж░ ржоржзрзНржпрзЗ ржбрзЗрж▓рж┐ржнрзЗрж░рзА</li>
</ul>",NULL,publish,NULL,page,standard,NULL,NULL,1,NULL,NULL,NULL,16,16,1,0,0
Transparency,transparency,"<p>ржЖржкржирж┐ рж╣рзЯржд рж▓ржХрзНрж╖рзНржп ржХрж░рзЗ ржерж╛ржХржмрзЗржи ржЖржорж░рж╛ ржпржерж╛рж╕рж╛ржзрзНржп ржЪрзЗрж╖рзНржЯрж╛ ржХрж░рзЗржЫрж┐ ржЗржВрж░рзЗржЬрж┐ рж╢ржмрзНржжрзЗрж░ ржмрзНржпржмрж╣рж╛рж░ ржирж╛ ржХрж░рждрзЗред ржХрж╛рж░ржи ржЖржорж░рж╛ ржЕржирзЗржХрзЗржЗ ржЖржЫрж┐ ржнрж╛рж▓рзЛ ржЗржВрж░рзЗржЬрж┐ ржкрзЬрждрзЗ ржмрж╛ ржмрзБржЭрждрзЗ ржкрж╛рж░рж┐ржирж╛ред ржлрж▓рзЗ ржЕржирзЗржХ рж╕ржорзЯ ржирж╛ ржмрзБржЭрзЗ ржЖржорж░рж╛ ржЕржирзЗржХ ржХрж╛ржЬ ржХрж░рзЗ ржлрзЗрж▓рж┐ ржпрж╛ ржкрж░рзЗ ржмрж┐ржнрж┐ржирзНржи ржнрзЛржЧрж╛ржирзНрждрж┐рж░ ржХрж╛рж░ржи рж╣рзЯрзЗ ржжрж╛ржБрзЬрж╛рзЯред ржЖржорж░рж╛ ржЪрж╛ржЗ ржЖржорж╛ржжрзЗрж░ ржкрзНрж░рждрж┐ржЯрж╛ ржмрж┐рж╖рзЯ ржЖржорж╛ржжрзЗрж░ ржХрж╛рж╕рзНржЯржорж╛рж░ рззрзжрзж% ржЕржмржЧржд рж╣рзЯрзЗ ржЕрж░рзНржбрж╛рж░ ржХрж░рзБржХред ржпрж╛рждрзЗ ржЙржнрзЯ ржкржХрзНрж╖ ржЕржирж╛ржХрж╛ржЩрзНржХрзНрж╖рж┐ржд ржЭрж╛ржорзЗрж▓рж╛рж░ ржорзБржЦрзЛржорзБржЦрж┐ ржирж╛ рж╣рждрзЗ рж╣рзЯред ржЕрж░рзНржбрж╛рж░ ржХрж░рж╛рж░ ржЖржЧрзЗ ржЕржирзБрж░рзЛржз ржХрж░ржмрзЛ ржПржХржмрж╛рж░ рж╣рж▓рзЗржУ ржЖржорж╛ржжрзЗрж░ ржирж┐ржЪрзЗрж░ ржкрзЯрзЗржирзНржЯржЧрзБрж▓рж┐ ржПржХржмрж╛рж░ рж╣рж▓рзЗржУ ржЪрзЛржЦ ржмрзБрж▓рж┐рзЯрзЗ ржирж┐ржмрзЗржиред</p>
<p>рззред рж╢рж┐ржкрж┐ржВ ржУ ржбрзЗрж▓рж┐ржнрзЗрж░рж┐ ржкрж▓рж┐рж╕рж┐ржГ <span style=""color: #e03e2d;""><a style=""color: #e03e2d;"" title=""ржПржЦрж╛ржирзЗ ржжрзЗржЦрзБржи"" href=""/shipping-and-delivery"" target=""_blank"" rel=""noopener"">ржПржЦрж╛ржирзЗ ржжрзЗржЦрзБржи</a></span></p>
<p>рзиред ржбрзЗрж▓рж┐ржнрзЗрж░рзА ржЪрж╛рж░рзНржЬ ржкрж▓рж┐рж╕рж┐ржГ<span style=""color: #e03e2d;""> <a style=""color: #e03e2d;"" title=""ржПржЦрж╛ржирзЗ ржжрзЗржЦрзБржи"" href=""/delivery-charges"" target=""_blank"" rel=""noopener"">ржПржЦрж╛ржирзЗ ржжрзЗржЦрзБржи</a></span></p>
<p>рзйред ржУрзЯрзЗржЯ ржЪрж╛рж░рзНржЬ ржкрж▓рж┐рж╕рж┐ржГ <span style=""color: #e03e2d;""><a style=""color: #e03e2d;"" title=""ржПржЦрж╛ржирзЗ ржжрзЗржЦрзБржи"" href=""/custom-and-shipping-charge"" target=""_blank"" rel=""noopener"">ржПржЦрж╛ржирзЗ ржжрзЗржЦрзБржи</a></span></p>
<p>рзкред ржЧрзЛржкржгрзАрзЯрждрж╛ ржирзАрждрж┐ржкрж▓рж┐рж╕рж┐ржГ <span style=""color: #e03e2d;""><a style=""color: #e03e2d;"" title=""ржПржЦрж╛ржирзЗ ржжрзЗржЦрзБржи"" href=""/privacy-policy"" target=""_blank"" rel=""noopener"">ржПржЦрж╛ржирзЗ ржжрзЗржЦрзБржи</a></span></p>
<p>рзлред ржирж┐рж╖рж┐ржжрзНржз ржкржирзНржп рждрж╛рж▓рж┐ржХрж╛ржГ <span style=""color: #e03e2d;""><a style=""color: #e03e2d;"" title=""ржПржЦрж╛ржирзЗ ржжрзЗржЦрзБржи"" href=""/prohibited-items"" target=""_blank"" rel=""noopener"">ржПржЦрж╛ржирзЗ ржжрзЗржЦрзБржи</a></span></p>",NULL,publish,NULL,page,standard,NULL,NULL,1,NULL,NULL,NULL,16,16,1,0,0
Shipping and Delivery,shipping-and-delivery,"<p>ржпрзЗрж╣рзЗрждрзБ ржЖржорж╛ржжрзЗрж░ ржПржЗ ржмрж┐ржЬржирзЗрж╕ ржоржбрзЗрж▓ ржирждрзБржи рждрж╛ржЗ ржЖржкржирж╛ржХрзЗ ржирж┐ржорзНржирзЗрж░ ржмрж┐рж╖рзЯржЧрзБрж▓рж┐ ржнрж╛рж▓рзЛржнрж╛ржмрзЗ ржмрзБржЭрзЗ ржЕрж░рзНржбрж╛рж░ ржХрж░рждрзЗ рж╣ржмрзЗред</p>
<ul>
<li>ржЖржорж░рж╛ ржХрзЛржи ржкржгрзНржпрж╕рзНржЯржХ рж░рж╛ржЦрж┐ржирж╛</li>
<li>ржЕрж░рзНржбрж╛рж░ ржкрзЗрж▓рзЗржЗ рж╢рзБржзрзБржорж╛рждрзНрж░ ржЙржХрзНржд ржкржгрзНржп рж╕рж╛ржкрзНрж▓рж╛ржЗрзЯрж╛рж░ ржерзЗржХрзЗ ржХрзЗржирж╛ рж╣рзЯ</li>
<li>ржкржгрзНржпржЖрж╕рждрзЗ рззрзл ржерзЗржХрзЗ рзирзл ржжрж┐ржи рж▓рж╛ржЧржмрзЗред</li>
<li>рж╕ржХрж▓ ржХрзНрж╖рзЗрждрзНрж░рзЗ рзл ржерзЗржХрзЗ рззрзж ржжрж┐ржи ржЕрждрж┐рж░рж┐ржХрзНржд ржзрж░рждрзЗ рж╣ржмрзЗ ржХрж╛рж░ржи ржЕржирзЗржХ рж╕ржорзЯ ржХрж╛рж╕рзНржЯржорж╕ ржЕржлрж┐рж╕рзЗ ржмрж┐ржнрж┐ржирзНржи ржЬржЯрж┐рж▓рждрж╛рж░ ржХрж░ржирзЗ ржкржгрзНржп ржХрзНрж▓рж┐рзЯрж╛рж░ рж╣рждрзЗ ржмрзЗрж╢рж┐ рж╕ржорзЯ рж▓рж╛ржЧрждрзЗ ржкрж╛рж░рзЗред</li>
<li>рждржмрзЗ ржжрзАрж░рзНржШржорзЗрзЯрж╛ржжрзА рж▓ржХ ржбрж╛ржЙржи, рж╣рж░рждрж╛рж▓, ржЕржмрж░рзЛржз, CNF ржзрж░рзНржоржШржЯ ржЕржержмрж╛ ржЬрж╛рждрзАрзЯ ржХрзЛржи ржЗрж╕рзНржпрзБрж░ ржХрж╛рж░ржирзЗ ржХрж╛рж╕рзНржЯржорж╕ ржЕржлрж┐рж╕ ржмржирзНржз ржерж╛ржХрж▓рзЗ ржПржЗ рж╕ржорзЯ ржХрж╛рж░рзНржпржХрж░ рж╣ржмрзЗржирж╛ред</li>
<li>рждржмрзЗ рзкрзж ржжрж┐ржирзЗрж░ ржоржзрзНржпрзЗ ржкржгрзНржп ржмрзБржЭрзЗ ржирж╛ ржкрзЗрж▓рзЗ ржЖржкржирж╛рж░ ржжрзЗржУрзЯрж╛ ржЯрж╛ржХрж╛ рззрзжрзж% рж░рж┐ржлрж╛ржирзНржб ржХрж░рж╛ рж╣ржмрзЗред</li>
</ul>",NULL,publish,NULL,page,standard,NULL,NULL,0,NULL,NULL,NULL,16,16,1,0,0
Custom and Shipping charge,custom-and-shipping-charge,"<p style=""text-align: justify;"">ржжрзЗрж╢рзЗрж░ ржмрж╛ржЗрж░рзЗ ржерзЗржХрзЗ ржЖржирж╛ ржкржирзНржпрзЗрж░ ржЬржирзНржп ржЕржмрж╢рзНржпржЗ ржЖржкржирж╛ржХрзЗ ржХрж╛рж╕рзНржЯржорж╕ ржЯрзНржпрж╛ржХрзНрж╕ ржУ ржЪрж╛рзЯржирж╛ ржерзЗржХрзЗ ржмрж╛ржВрж▓рж╛ржжрзЗрж╢рзЗ рж╢рж┐ржкрж┐ржВ ржЪрж╛рж░рзНржЬ ржкрзНрж░ржжрж╛ржи ржХрж░рждрзЗ рж╣ржмрзЗред ржЖржкржирж┐ ржЕрж░рзНржбрж╛рж░ ржХрж░рж╛рж░ рж╕ржорзЯ ржкржгрзНржп ржорзВрж▓рзНржпрзЗрж░ ржкрж╛рж╢рзЗ рж╢рж┐ржкрж┐ржВ ржЪрж╛рж░рзНржЬ ржПрж░ ржкрзНрж░рждрж┐ ржХрзЗржЬрж┐рж░ ржкрзНрж░ржжрж░рзНрж╢рж┐ржд рж╣ржмрзЗ ржпрж╛ ржкржгрзНржп ржЖрж╕рж╛рж░ ржкрж░ ржкрзНрж░ржХрзГржд ржУржЬржирзЗрж░ ржЙржкрж░ ржЪрж╛рж░рзНржЬ ржХрж░рж╛ рж╣ржмрзЗред</p>
<p style=""text-align: justify;"">ржХрж╛рж╕рзНржЯржорж╕ ржУ рж╢рж┐ржкрж┐ржВ ржЪрж╛рж░рзНржЬржГ ржХрж╛рж╕рзНржЯржорж╕ ржУ рж╢рж┐ржкрж┐ржВ ржЪрж╛рж░рзНржЬ ржкржирзНржп ржХрзНржпрж╛ржЯрж╛ржЧрж░рж┐ / ржЕрж░рзНржбрж╛рж░ ржнрзНржпрж╛рж▓рзБрж░ ржЙржкрж░ ржХржо/ржмрзЗрж╢рж┐ рж╣рзЯрзЗ ржерж╛ржХрзЗред ржпрзЗрж╣рзЗрждрзБ ржЖржорж╛ржжрзЗрж░ рж╕ржХрж▓ ржкржгрзНржп ржорж┐ржХрзНрж╕ржб рж╣рзЯ рждрж╛ржЗ ржПржнрж╛рж░рзЗржЬ ржХрж░рзЗ рж░рзЗржЯ ржирж┐рж░рзНржзрж╛рж░ржи ржХрж░рж╛ рж╣рзЯ ржпрж╛ ржЖржорж╛ржжрзЗрж░ ржкржгрзНржпрзЗрж░ ржкрзЗржЬрзЗ Shipping Charge ржПрж░ ржХрж▓рж╛ржорзЗ ржкрзНрж░рждрж┐ ржХрзЗржЬрж┐ рж░рзЗржЯ ржЙрж▓рзНрж▓рзЗржЦ ржерж╛ржХрзЗ ржПржмржВ ржкржгрзНржп ржЖрж╕рж╛рж░ ржкрж░ ржЙрж▓рзНрж▓ржЦрж┐ржд рж░рзЗржЯ ржЕржирзБржпрж╛рзЯрзА ржЪрж╛рж░рзНржЬ ржХрж░рж╛ рж╣рзЯред рж╢рж┐ржкрж┐ржВ рж░рзЗржЯ ржкржирзНржпрзЗрж░ ржХрзНржпрж╛ржЯрж╛ржЧрж░рж┐, ржЕрж░рзНржбрж╛рж░ ржнрзНржпрж╛рж▓рзБ, ржЕрж░рзНржбрж╛рж░рзЗрж░ ржкрж░рж┐ржорж╛ржи ржПрж░ ржЙржкрж░ ржирж┐рж░рзНржнрж░ ржХрж░рзЗред</p>
<p style=""text-align: justify;""><span style=""color: #e03e2d;"">ржХрж╛рж╕рзНржЯржорж╕ ржУ рж╢рж┐ржкрж┐ржВ ржЪрж╛рж░рзНржЬ</span> ржкрзНрж░рждрж┐ржирж┐рзЯржд ржкрж░рж┐ржмрж░рзНрждржи рж╣рзЯрзЗ ржерж╛ржХрзЗ ржПрзЯрж╛рж░ ржнрж╛рзЬрж╛, CNF ржЪрж╛рж░рзНржЬ ржУ ржмрж┐ржнрж┐ржирзНржи ржХрж╛рж░ржирзЗ, рждржмрзЗ ржЖржкржирж┐ ржпржЦржи ржЕрж░рзНржбрж╛рж░ ржХрж░ржмрзЗржи рждржЦржи ржпрзЗ рж░рзЗржЯ ржЖржорж╛ржжрзЗрж░ рж╕рж╛ржЗржЯрзЗ ржжрзЗржЦрж╛ржмрзЗ рж╕рзЗржЯрж╛ржЗ ржкржгрзНржп ржЖрж╕рж╛рж░ ржкрж░ ржХрж╛рж░рзНржпржХрж░ ржерж╛ржХржмрзЗред <span style=""color: #e03e2d;"">рждрж╛ржЗ ржЖржкржирж┐ ржирж┐рж╢рзНржЪрж┐ржирзНрждрзЗ ржЕрж░рзНржбрж╛рж░ ржХрж░рждрзЗ ржкрж╛рж░ржмрзЗржи ржЖржорж╛ржжрзЗрж░ рж╕рж╛ржЗржЯ ржерзЗржХрзЗред</span></p>
<p style=""text-align: justify;""><span style=""color: #e03e2d;"">ржУржЬржи рж╣рж┐рж╕рж╛ржмржГ</span> ржЖржорж╛ржжрзЗрж░ ржмрзЗрж╢рж┐рж░ржнрж╛ржЧ ржмрзНржпржмрж╕рж╛ рж╣рзЯ ржпрж╛рж░рж╛ ржирждрзБржи ржЙржжрзНржпрзЛржХрзНрждрж╛ ржмрж╛ ржЫрзЛржЯ/ржорж╛ржЭрж╛рж░рзА ржмрзНржпржмрж╕рж╛рзЯрзАред рждрж╛ржЗ ржЖржорж╛ржжрзЗрж░ ржЕрж░рзНржбрж╛рж░ржЧрзБрж▓рж┐ рж╣рзЯ ржЫрзЛржЯ рж╕рж╛ржЗржЬрзЗрж░ред ржХрж┐ржирзНрждрзБ ржкржирзНржпржЧрзБрж▓рж┐ ржЪрж╛рзЯржирж╛ ржерзЗржХрзЗ ржмрзЬ ржХрж╛рж░рзНржЯрзБржирзЗ рж░рж┐-ржкрзНржпрж╛ржХрж┐ржВ ржХрж░рзЗ рждрж╛рж░ржкрж░ рж╢рж┐ржкржорзЗржирзНржЯ ржХрж░рждрзЗ рж╣рзЯред ржЙржХрзНржд ржмрзЬ ржХрж╛рж░рзНржЯрзБржирзЗрж░ ржЬржирзНржп ржЖржорж╛ржжрзЗрж░ ржЪрж╛рзЯржирж╛рждрзЗ ржкрзЗржорзЗржирзНржЯ ржХрж░рждрзЗ рж╣рзЯ ржПржмржВ ржПрзЯрж╛рж░/рж╢рж┐ржк/ржХрж╛рж╕рзНржЯржорж╕ рж╕ржмрж╛ржЗржХрзЗ ржЯрзЛржЯрж╛рж▓ ржУржЬржирзЗрж░ ржЙржкрж░рзЗ ржкрзЗржорзЗржирзНржЯ ржХрж░рждрзЗ рж╣рзЯред ржХрж┐ржирзНрждрзБ ржЖржорж╛ржжрзЗрж░ ржмрзЗрж╢рж┐рж░ржнрж╛ржЧ ржХрж╛рж╕рзНржЯржорж╛рж░ ржПржЗ ржмрзЬ ржХрж╛рж░рзНржЯрзБржирзЗрж░ ржнрж╛ржЧ ржирж┐рждрзЗ ржЪрж╛ржи ржирж╛ред рждрж╛ржЗ рж╕рж┐ржВржЧрзЗрж▓ ржкржирзНржпрзЗрж░ ржУржЬржи рззрзжрзж ржЧрзНрж░рж╛ржо ржПрж░ ржЧрзБржирж┐рждржХ рж╣ржмрзЗред ржЕрж░рзНржерж╛рзО ржЖржкржирж╛рж░ ржХрзЛржи ржкржгрзНржпрзЗрж░ ржУржЬржи рззрзирзж ржЧрзНрж░рж╛ржо рж╣рж▓рзЗ рзирзжрзж ржЧрзНрж░рж╛ржо рж╣рж┐рж╕рж╛ржм ржХрж░рж╛ рж╣ржмрзЗред ржЖржкржирж╛рж░ ржпржжрж┐ ржПржХрж╛ржзрж┐ржХ ржЖржЗржЯрзЗржо ржерж╛ржХрзЗ рждрж╛рж╣рж▓рзЗржУ ржЖрж▓рж╛ржжрж╛ ржЖрж▓рж╛ржжрж╛ ржУржЬржи рж╣рж┐рж╕рж╛ржм рж╣ржмрзЗред&nbsp; &nbsp;</p>",NULL,publish,NULL,page,standard,NULL,NULL,0,NULL,NULL,NULL,16,16,1,0,0
Delivery charges,delivery-charges,"<p>ржЖржорж░рж╛ рж╕рж╛ржЬрзЗрж╢ржЯ ржХрж░рж┐ ржЖржорж╛ржжрзЗрж░ ржЕржлрж┐рж╕/ржУрзЯрзНржпрж╛рж░рж╣рж╛ржЙрж╕ ржерзЗржХрзЗ рж╕рж░рж╛рж╕рж░рж┐ ржкржгрзНржп ржирж┐рждрзЗред рждрж╛рж░ржкрж░ржУ ржпржжрж┐ ржХрзЗржЙ ржирж╛ ржЖрж╕рждрзЗ ржЪрж╛ржи рждрж╛рж╣рж▓рзЗ ржЖржкржирж╛рж░ ржарж┐ржХрж╛ржирж╛рзЯ ржкрж╛ржарж╛ржУ / ржкрзЗржкрж╛рж░ржлрзНрж▓рж╛ржЗ/ рж╕рзБржирзНржжрж░ржмржи ржХрзБрж░рж┐рзЯрж╛рж░ ржПрж░ ржорж╛ржзрзНржпржорзЗ ржкрж╛ржарж╛ржирзЛ рж╣ржмрзЗред рж▓рзЛржХрж╛рж▓ ржбрзЗрж▓рж┐ржнрзЗрж░рзА рж╕ржорзЯ ржврж╛ржХрж╛рж░ ржоржзрзНржпрзЗ рзи ржжрж┐ржи ржПржмржВ ржврж╛ржХрж╛рж░ ржмрж╛ржЗрж░рзЗ рзй ржерзЗржХрзЗ рзл ржжрж┐ржиред</p>
<p>ржХрзБрж░рж┐рзЯрж╛рж░ ржмрж┐рж▓ржГ</p>
<p>ржврж╛ржХрж╛рж░ ржоржзрзНржпрзЗ рзорзж ржЯрж╛ржХрж╛ (рзлрзжрзж ржЧрзНрж░рж╛ржо ржкрж░рзНржпржирзНржд)</p>
<p>ржврж╛ржХрж╛рж░ ржмрж╛ржЗрж░рзЗ рззрзлрзж ржЯрж╛ржХрж╛ (рзлрзжрзж ржЧрзНрж░рж╛ржо ржкрж░рзНржпржирзНржд)</p>
<p>(ржХрзБрж░рж┐рзЯрж╛рж░ ржЪрж╛рж░рзНржЬ ржкржгрзНржпрзЗрж░&nbsp; &nbsp;рж╕рж╛ржЗржЬ ржУ ржУржЬржирзЗрж░ ржЙржкрж░ ржХржоржмрзЗрж╢рж┐ рж╣рждрзЗ ржкрж╛рж░рзЗ)</p>",NULL,publish,NULL,page,standard,NULL,NULL,0,NULL,NULL,NULL,16,16,1,0,0
Minimum Order Quantity,minimum-order-quantity,<p>ржЖржорж╛ржжрзЗрж░ ржорж┐ржирж┐ржорж╛ржо ржЕрж░рзНржбрж╛рж░ ржнрзНржпрж╛рж▓рзБ рж╣рждрзЗ рж╣ржмрзЗ рзйрзжрзж ржЯрж╛ржХрж╛ред ржПрж░ ржирж┐ржЪрзЗ ржЕрж░рзНржбрж╛рж░ ржХрж░рж╛ ржЖржорж╛ржжрзЗрж░ рж╕рж╛ржЗржЯ ржерзЗржХрзЗ рж╕ржорзНржнржм рж╣ржмрзЗржирж╛ред ржпржжрж┐ ржХрзЛржи ржЖржЗржЯрзЗржо ржПрж░ ржорзВрж▓рзНржп рзйрзжрзж ржЯрж╛ржХрж╛рж░ ржХржо рж╣рзЯ рждрж╛рж╣рж▓рзЗ ржкржгрзНржпрзЗрж░ ржкрж░рж┐ржорж╛ржи ржмрж╛рзЬрж┐рзЯрзЗ ржЕрж░рзНржбрж╛рж░ ржХрж░рждрзЗ ржкрж╛рж░ржмрзЗржиред ржПржХржЗ рж▓рж┐ржВржХрзЗрж░ рж╕ржм ржнрзЗрж░рж┐рзЯрзЗрж╢ржи ржорж┐рж▓рж┐рзЯрзЗ рзйрзжрзж ржЯрж╛ржХрж╛ рж╣рж▓рзЗ ржЕрж░рзНржбрж╛рж░ ржХрж░рж╛ ржпрж╛ржмрзЗред&nbsp;</p>,NULL,publish,NULL,page,standard,NULL,NULL,0,NULL,NULL,NULL,16,16,1,0,0
Prohibited Items,prohibited-items,"<p>ржЖржорж╛ржжрзЗрж░ рж╕рж╛ржЗржЯрзЗрж░ ржорж╛ржзрзНржпржорзЗ ржЖржкржирж┐ рж╢рзБржзрзБржорж╛рждрзНрж░ ржмрзИржз ржкржгрзНржпржЕрж░рзНржбрж╛рж░ ржХрж░рждрзЗ ржкрж╛рж░ржмрзЗржиред ржЖржкржирж┐ ржпржжрж┐ ржХрзЛржи ржЕржмрзИржз ржкржгрзНржпржЕрж░рзНржбрж╛рж░ ржХрж░рзЗржи рждрж╛рж╣рж▓рзЗ рждрж╛ рж╕рж░рж╛рж╕рж░рж┐ ржХрзНржпрж╛ржирзНрж╕рзЗрж▓ ржХрж░рж╛ рж╣ржмрзЗред рж╕рзЗржХрзНрж╖рждрзНрж░рзЗ ржЖржкржирж╛рж░ ржкрзЗржорзЗржирзНржЯ ржХрж░рж╛ ржЯрж╛ржХрж╛ ржерзЗржХрзЗ рзй% рж╕рж╛рж░рзНржнрж┐рж╕ ржЪрж╛рж░рзНржЬ ржХрж░рзНрждржи ржХрж░рж╛ рж╣ржмрзЗред ржпрзЗрж╕ржм ржкржгрзНржпржЕрж░рзНржбрж╛рж░ ржирзЗрзЯрж╛ рж╣рзЯржирж╛ рждрж╛рж░ рждрж╛рж▓рж┐ржХрж╛ ржирж┐ржЪрзЗ ржжрзЗрзЯрж╛ рж╣рж▓рзЛ</p>
<ul>
<li>ржорзЛржмрж╛ржЗрж▓ ржлрзЛржи</li>
<li>рж╕рзЗржХрзНрж╕ ржЯрзЯ</li>
<li>ржХрзНржпрж╛ржорзЗрж░рж╛ (ржЖрж▓рзЛржЪржирж╛ рж╕рж╛ржкрзЗржХрзНрж╖рзЗ ржЖржирж╛ ржпрж╛ржмрзЗ)</li>
<li>SKD (ржЖржоржжрж╛ржирзА ржирж┐рж╖рж┐ржжрзНржз ржкржгрзНржпрзЗрж░ &nbsp;ржЕржВрж╢ ржмрж┐рж╢рзЗрж╖)</li>
<li>ржУрзЯрж╛ржХрж┐ржЯржХрж┐</li>
<li>рж▓рж┐ржХрзБржЗржб ржкржгрзНржпрззрзжрзж ржЧрзНрж░рж╛ржорзЗрж░ ржЙржкрж░рзЗ</li>
<li>ржмрзНржпрж╛ржЯрж╛рж░рзА ржЬрж╛рждрзАрзЯ ржкржирзНржп</li>
<li>ржорзЛржмрж╛ржЗрж▓ ржЯрж╛ржЪ рж╕рзНржХрзНрж░рж┐ржи (рзй ржкрж┐рж╕ ржПрж░ ржЙржкрж░рзЗ ржЖржирж╛ ржпрж╛ржмрзЗржирж╛)</li>
<li>ржорзЛржмрж╛ржЗрж▓ ржПрж░ ржЦрж╛рж▓рж┐ ржмржХрзНрж╕</li>
<li>ржорзЛржмрж╛ржЗрж▓ ржмрзНржпрж╛ржЯрж╛рж░рзА (ржЖржирж╛ ржпрж╛ржмрзЗ ржЖрж▓рзЛржЪржирж╛ рж╕рж╛ржкрзЗржХрзНрж╖рзЗ)</li>
<li>ржорзЛржмрж╛ржЗрж▓ LCD (рзй ржкрж┐рж╕ ржПрж░ ржЙржкрж░рзЗ ржЖржирж╛ ржпрж╛ржмрзЗржирж╛)</li>
<li>ржЯрж┐ржнрж┐ ржкрзНржпрж╛ржирзЗрж▓</li>
<li>рж▓рзНржпрж╛ржкржЯржк (ржЖржирж╛ ржпрж╛ржмрзЗ ржЖрж▓рзЛржЪржирж╛ рж╕рж╛ржкрзЗржХрзНрж╖рзЗ рзкрзжрзжрзж ржЯрж╛ржХрж╛ ржлрж┐ржХрзНрж╕ржб ржЯрзНржпрж╛ржХрзНрж╕)</li>
<li>ржХрзЗржорж┐ржХрзНржпрж╛рж▓ ржЖржЗржЯрзЗржо</li>
<li>ржЧрзЛрж▓рзНржб</li>
<li>рж╕рж┐ржЧрж╛рж░рзЗржЯ</li>
<li>ржбрзНрж░рзЛржи/ ржбрзНрж░рзЛржи ржПрж░ ржкрж╛рж░рзНржЯрж╕</li>
<li>рж╕рж┐рж░рж┐ржЮрзНржЬ</li>
<li>ржЧрзНржпрж╛рж╕ рж▓рж╛ржЗржЯрж╛рж░</li>
<li>ржкрзБрж░рж╛рждржи ржкржирзНржп</li>
<li>ржкрж╛ржХрж┐рж╕рзНрждрж╛ржирж┐ ржХрзНрж░рж┐ржо</li>
<li>рж╕рж┐ржХрж┐ржЙрж░рж┐ржЯрж┐ ржкржгрзНржпрж╣рж╛рждржХрзЬрж╛/ржкрж┐рж╕рзНрждрж▓/ржмржирзНржжрзБржХ</li>
</ul>",NULL,publish,NULL,page,standard,NULL,NULL,0,NULL,NULL,NULL,16,16,1,0,0
AliExpress Rules,aliexpress-rules,"<div class=""wpb_text_column wpb_content_element vc_custom_1594322847653"">
<div class=""wpb_wrapper"">
<p>ржЖржорж░рж╛ рж╕рзАржорж┐ржд ржкрж░рж┐рж╕рж░рзЗ WWW.ALIEXPRESS.COM ржУ WWW.BANGGOOD.COM ржерзЗржХрзЗ ржкржирзНржп ржПржирзЗ ржерж╛ржХрж┐ред</p>
<p>тЬЕ рзл ржбрж▓рж╛рж░рзЗрж░ ржХржо ржжрж╛ржорзЗрж░ ржкржирзНржп ржЕрж░рзНржбрж╛рж░ ржирзЗрзЯрж╛ рж╣рзЯржирж╛, ржХрж╛рж░ржи ржПржЧрзБрж▓рзЛрж░ рзлрзж% ржкржирзНржп ржорж┐рж╕рж┐ржВ рж╣рзЯред рждржмрзЗ ржПржХржЗ ржкржирзНржп ржпржжрж┐ ржПржХрж╛ржзрж┐ржХ ржкрж░рж┐ржорж╛ржирзЗрж░ ржорзБрж▓рзНржп рзл ржбрж▓рж╛рж░ рж╣рзЯ рждрж╛рж╣рж▓рзЗ ржЖржирж╛ ржпрж╛ржмрзЗред</p>
<p>тЬЕ ржЖржорж╛ржжрзЗрж░ ржбрж▓рж╛рж░ рзпрзж ржЯрж╛ржХрж╛ред</p>
<p>тЬЕ ржЙржХрзНржд ржорзБрж▓рзНржпрзЗрж░ рж╕рж╛ржерзЗ ржмрж┐ржХрж╛рж╢ ржЪрж╛рж░рзНржЬ, ржХрж╛рж╖рзНржЯржорж╕ ржУ рж▓рзЛржХрж╛рж▓ ржХрзБрж░рж┐рзЯрж╛рж░ ржЪрж╛рж░рзНржЬ ржпрзБржХрзНржд рж╣ржмрзЗред</p>
<p>тЬЕ рзлрзж% ржкрзЗржорзЗржирзНржЯ ржХрж░рзЗ ржЕрж░рзНржбрж╛рж░ ржХржиржлрж╛рж░рзНржо ржХрж░рждрзЗ рж╣ржмрзЗред</p>
<p>тЬЕ ржкржирзНржп ржЖрж╕рждрзЗ рзирзж ржерзЗржХрзЗ рзкрзл ржжрж┐ржи рж▓рж╛ржЧрзЗред ржпржжрж┐ рзмрзж ржжрж┐ржирзЗрж░ ржоржзрзНржпрзЗ ржкржирзНржп ржирж╛ ржЖрж╕рзЗ рждрж╛рж╣рж▓рзЗ ржЕржЧрзНрж░рж┐ржо рж░рж┐ржлрж╛ржирзНржб ржжрзЗрзЯрж╛ рж╣ржмрзЗред</p>
</div>
</div>
<div class=""wpb_text_column wpb_content_element vc_custom_1594322772147"">
<div class=""wpb_wrapper"">
<h2>ржХрж┐ржнрж╛ржмрзЗ ржЕрж░рзНржбрж╛рж░ ржжрж┐ржмрзЗржи?</h2>
<p><a href=""https://www.aliexpress.com/"">WWW.ALIEXPRESS.COM</a>&nbsp; ржУ&nbsp;<a href=""https://www.banggood.com/"">WWW.BANGGOOD.COM</a>&nbsp;рж╕рж╛ржЗржЯ ржмрзНрж░рж╛ржЙржЬ ржХрж░рзБржиред</p>
<p>тЬЕ рж╕рж╛рж░рзНржЪ ржмрж╛рж░рзЗ ржЖржкржирж╛рж░ ржкржЫржирзНржжрзЗрж░ ржкржирзНржпрзЗрж░ ржирж╛ржо рж▓рж┐ржЦрзЗ рж╕рж╛рж░рзНржЪ ржжрж┐ржиред</p>
<p>тЬЕ ржкржирзНржп ржкржЫржирзНржжрзЗрж░ ржХрзНрж╖рзЗрждрзНрж░рзЗ рж╕рж╛ржкрзНрж▓рж╛ржЗрзЯрж╛рж░ ржПрж░ рж░рзЗржЯрж┐ржВ ржУ рж░рж┐ржнрж┐ржЙ ржкрзЬрзЗ ржзрж╛рж░ржирж╛ ржирж┐ржиред</p>
<p>тЬЕ ржкржирзНржпрзЗрж░ рж╢рж┐ржкрж┐ржВ ржЪрж╛рж░рзНржЬ, рж╕рж╛ржЗржЬ, ржбрзЗрж▓рж┐ржнрж╛рж░рж┐ рж╕ржорзЯржХрж╛рж▓ ржЗрждрзНржпрж╛ржжрж┐ ржжрзЗржЦрзБржиред</p>
<p>тЬЕ рж╕ржм ржжрзЗржЦрж╛рж░ ржкрж░ ржпржжрж┐ ржкржирзНржпржЯрж┐ ржкржЫржирзНржжржоржд рж╣рзЯ рждрж╛рж╣рж▓рзЗ ржЙржХрзНржд ржкржирзНржпрзЗрж░ рж▓рж┐ржВржХ/ржХрж╛рж▓рж╛рж░/рж╕рж╛ржЗржЬ ржЖржорж╛ржжрзЗрж░ ржЗржиржмржХрзНрж╕ ржХрж░рзБржиред</p>
<p>тЬЕ ржЖржорж╛ржжрзЗрж░ ржкрзНрж░рждрж┐ржирж┐ржзрж┐ ржЖржкржирж╛ржХрзЗ ржмрж┐рж╕рзНрждрж╛рж░рж┐ржд ржЬрж╛ржирж┐рзЯрзЗ ржжрж┐ржмрзЗржиред</p>
</div>
</div>
<div class=""wpb_text_column wpb_content_element vc_custom_1594322737695"">
<div class=""wpb_wrapper"">
<h2>ржкржирзНржп ржорзБрж▓рзНржпрзЗрж░ ржмрж╛ржЗрж░рзЗ ржХрж┐ ржХрзЛржи ржЦрж░ржЪ ржЖржЫрзЗ?</h2>
<p>ржкржирзНржп ржорзБрж▓рзНржпрзЗрж░ ржмрж╛ржЗрж░рзЗ ржЖрж░рзЛ ржжрзБржЗ ржзрж░ржирзЗрж░ ржЦрж░ржЪ ржЖрж╕рждрзЗ ржкрж╛рж░рзЗ</p>
<p>тЬЕ ржЖржкржирж╛рж░ ржкржирзНржпрзЗрж░ ржЙржкрж░ ржпржжрж┐ рж╢рзБрж▓рзНржХ ржХрж░рзНрждрзГржкржХрзНрж╖ ржХрзЛржи ржЯрзНржпрж╛ржХрзНрж╕ ржЖрж░рзЛржк ржХрж░рзЗ рж╕рзЗржЯрж╛ ржЖржкржирж╛ржХрзЗ ржкрзЗржорзЗржирзНржЯ ржХрж░рждрзЗ рж╣ржмрзЗред</p>
<p>тЬЕ ржЖржорж╛ржжрзЗрж░ ржЕржлрж┐рж╕ ржерзЗржХрзЗ ржЖржкржирж╛рж░ ржарж┐ржХрж╛ржирж╛рзЯ ржкрж╛ржарж╛ржирзЛрж░ ржХрзБрж░рж┐рзЯрж╛рж░ ржЪрж╛рж░рзНржЬ ржЖржкржирж╛ржХрзЗ ржкрзЗржорзЗржирзНржЯ ржХрж░рждрзЗ рж╣ржмрзЗред рждржмрзЗ ржЖржкржирж┐ ржЖржорж╛ржжрзЗрж░ ржЕржлрж┐рж╕ ржерзЗржХрзЗ ржбрзЗрж▓рж┐ржнрзЗрж░рзА ржирзЗржи рждрж╛рж╣рж▓рзЗ ржПржЗ ржЪрж╛рж░рзНржЬ рж╣ржмрзЗ ржирж╛ред</p>
</div>
</div>",NULL,publish,NULL,page,standard,NULL,NULL,0,NULL,NULL,NULL,1,1,1,0,0
Buy from AliExpress through MY BD STORE,our-support-for-you,"<h3>&nbsp;</h3>
<h3><span style=""color: #e03e2d;"">Just search by products image or keyword and</span><br /><span style=""color: #e03e2d;"">Enjoy Boundless shopping experience</span></h3>",NULL,publish,NULL,banner,standard,storage/banner/18-our-support-for-you/our-support-for-you-1620469754.jpg,NULL,1,NULL,NULL,NULL,16,16,1,0,0
Enjoy 50% Cash on delivery,our-strength-facilitates-to-you,"<h3>&nbsp;</h3>
<h3 style=""text-align: left;""><span style=""color: #34495e;"">Don&rsquo;t worry about Payment</span><br /><span style=""color: #34495e;"">Pay now only 50%</span><br /><span style=""color: #34495e;"">And Enjoy 50% COD support from us</span></h3>",NULL,publish,NULL,banner,standard,storage/banner/19-our-strength-facilitates-to-yo/our-strength-facilitates-to-yo-1622217049.PNG,NULL,1,NULL,NULL,NULL,16,16,1,0,0
Enjoy Safe and Secure Online shopping,your-advantage-with-us,"<h3>&nbsp;</h3>
<h3><span style=""color: #e03e2d;"">Please read our all <a title=""Terms and Condition"" href=""/terms-conditions"">Terms and Condition</a> before payment and</span><br /><span style=""color: #e03e2d;"">Enjoy Boundless shopping experience</span></h3>",NULL,publish,NULL,banner,standard,storage/banner/20-your-advantage-with-us/your-advantage-with-us-1621839602.png,NULL,1,NULL,NULL,NULL,21,21,1,0,0
ChinaBazar,chinabazar,"<p><span style=""color: #000000;"">рж╕ржорзНржорж╛ржирж┐ржд ржЧрзНрж░рж╛рж╣ржХ</span></p>
<p style=""text-align: justify;""><span style=""color: #000000;"">ржорж╛ржЗ ржмрж┐ржбрж┐ рж╕рзНржЯрзЛрж░ ржЪрж╛ржЗржирж┐ржЬ ржкржгрзНржпрзЗрж░ ржЗ-ржХржорж╛рж░рзНрж╕ рж╕рж╛ржЗржЯред ржПржЗ рж╕рж╛ржЗржЯрзЗ ржорзВрж▓ржд ржЖржорж░рж╛ ржЪрж╛ржЗржирж┐ржЬ ржкржгрзНржп ржЦрзБржЪрж░рж╛ рж╕рзЗрж▓ ржХрж░рзЗ ржерж╛ржХрж┐ред ржЖржорж╛ржжрзЗрж░ рж╕рж╛ржЗржЯрзЗ ржЖржЫрзЗ ржкрзНрж░рж╛рзЯ рззрзж ржХрзЛржЯрж┐рж░ ржЙржкрж░рзЗ ржЪрж╛ржЗржирж┐ржЬ ржкржгрзНржп ржпрж╛ ржЖржкржирж┐ ржЖржорж╛ржжрзЗрж░ рж╕рж╛ржЗржЯ ржерзЗржХрзЗ рж╕рж░рж╛рж╕рж░рж┐ ржЕрж░рзНржбрж╛рж░ ржХрж░рждрзЗ ржкрж╛рж░ржмрзЗржиред ржЖржорж░рж╛ рззрзл ржерзЗржХрзЗ рзирзл ржжрж┐ржирзЗрж░ ржоржзрзНржпрзЗ ржЪрж╛рзЯржирж╛ ржерзЗржХрзЗ ржПржирзЗ ржжрж┐рждрзЗ ржкрж╛рж░ржмрзЛред</span></p>
<h4 style=""text-align: justify;""><span style=""color: #000000;"">ржпрж╛рж░рж╛ ржмрзНржпржмрж╕рж╛рзЯрж┐ржХ ржЙржжрзНржжрзЗрж╢рзНржпрзЗ ржЪрж╛рзЯржирж╛ ржерзЗржХрзЗ ржкржгрзНржп ржЖржирждрзЗ ржЪрж╛ржи рждрж╛ржжрзЗрж░ ржЬржирзНржп ржЖржорж╛ржжрзЗрж░ рж░рзЯрзЗржЫрзЗ рж╣рзЛрж▓рж╕рзЗрж▓ рж╕рж╛ржЗржЯ <span style=""color: #e03e2d;""><strong><a style=""color: #e03e2d;"" title=""ржЪрж╛рзЯржирж╛ ржмрж╛ржЬрж╛рж░"" href=""https://www.chinabazarb2b.com/"" target=""_blank"" rel=""noopener"">ржЪрж╛рзЯржирж╛ ржмрж╛ржЬрж╛рж░</a></strong></span> ред ржЪрж╛рзЯржирж╛ ржмрж╛ржЬрж╛рж░рзЗрж░ ржорж╛ржзрзНржпржорзЗ ржЖржкржирж┐ ржЖржкржирж╛рж░ ржЗ-ржХржорж╛рж░рзНрж╕ рж╕рж╛ржЗржЯ, ржлрзЗрж╕ржмрзБржХ ржкрзЗржЬ ржХрж┐ржВржмрж╛ ржЖржкржирж╛рж░ ржмрзНржпржмрж╕рж╛ ржкрзНрж░рждрж┐рж╖рзНржарж╛ржирзЗрж░ ржЬржирзНржп ржХрж╕ржорзЗржЯрж┐ржХрзНрж╕ ржкржирзНржп, рж╣рзНржпрж╛ржирзНржбржмрзНржпрж╛ржЧ, ржЯрзНрж░рж╛ржнрзЗрж▓ ржмрзНржпрж╛ржЧ, ржбрзНрж░рзЗрж╕, ржЬрзБрждрж╛, рж╕рзНржпрж╛ржирзНржбрзЗрж▓, ржШрзЬрж┐, ржЬрзБрзЯрзЗрж▓рж╛рж░рзА, ржЗрж▓рзЗржХржЯрзНрж░ржирж┐ржХрзНрж╕ ржкржирзНржп, ржорзЛржмрж╛ржЗрж▓ ржУ ржХржорзНржкрж┐ржЙржЯрж╛рж░ ржПржХрзНрж╕рзЗрж╕рзЛрж░рж┐ржЬ ржУ рж╖рзНржЯрзЗрж╢ржирж╛рж░рзА ржкржирзНржп ржЪрж╛рзЯржирж╛ рж╕рж╛ржкрзНрж▓рж╛ржЗрзЯрж╛рж░ ржерзЗржХрзЗ рж╕рж░рж╛рж╕рж░рж┐ ржкрж╛ржЗржХрж╛рж░рзА ржжрж╛ржорзЗ ржХрж┐ржирждрзЗ ржкрж╛рж░ржмрзЗржиред</span></h4>
<p>ржзржирзНржпржмрж╛ржж</p>",NULL,publish,NULL,announcement,standard,storage/announcement/21-chinabazar/chinabazar-1611238811.jpg,NULL,0,NULL,NULL,NULL,16,16,8,0,0
ржЖржкржирж╛ржжрзЗрж░ ржкрзЗржорзЗржирзНржЯ рж╕рж┐рж╕рзНржЯрзЗржо ржХрж┐?,ржЖржкржирж╛ржжрзЗрж░-ржкрзЗржорзЗржирзНржЯ-рж╕рж┐рж╕рзНржЯрзЗржо-ржХрж┐?,"<p>ржЖржорж╛ржжрзЗрж░ рж╕рж╛ржЗржЯ ржерзЗржХрзЗ ржЕрж░рзНржбрж╛рж░ ржХрж░рждрзЗ ржЖржкржирж╛ржХрзЗ ржкржгрзНржп ржорзБрж▓рзНржпрзЗрж░ рзлрзж% ржЯрж╛ржХрж╛ ржкрзЗржорзЗржирзНржЯ ржХрж░рзЗ ржЕрж░рзНржбрж╛рж░ ржХрж░рждрзЗ рж╣ржмрзЗред ржкржгрзНржп ржЖрж╕рж╛рж░ ржкрж░ ржмрж╛ржХрж┐ рзлрзж% ржЯрж╛ржХрж╛ ржУ рж╢рж┐ржкрж┐ржВ ржЪрж╛рж░рзНржЬ ржХрзНржпрж╛рж╢ ржЕржи ржбрзЗрж▓рж┐ржнрзЗрж░рзА ржХрж┐ржВржмрж╛ ржЕржлрж┐рж╕рзЗ ржПрж╕рзЗ ржкрзЗржорзЗржирзНржЯ ржХрж░рзЗ ржкржгрзНржп ржЧрзНрж░рж╣ржи ржХрж░рждрзЗ ржкрж╛рж░ржмрзЗредред <a title=""ржЖржорж╛ржжрзЗрж░ рж╢рж┐ржкрж┐ржВ ржЪрж╛рж░рзНржЬ ржЬрж╛ржирждрзЗ ржХрзНрж▓рж┐ржХ ржХрж░рзБржи"" href=""/custom-and-shipping-charge"" target=""_blank"" rel=""noopener"">ржЖржорж╛ржжрзЗрж░ рж╢рж┐ржкрж┐ржВ ржЪрж╛рж░рзНржЬ ржЬрж╛ржирждрзЗ ржХрзНрж▓рж┐ржХ ржХрж░рзБржи</a>&nbsp;</p>",NULL,publish,NULL,faq,general_question,NULL,NULL,1,NULL,NULL,NULL,9,9,9,0,0
ржХрзБрж░рж┐рзЯрж╛рж░ ржЪрж╛рж░рзНржЬ / ржЖржорж╛ржжрзЗрж░ ржарж┐ржХрж╛ржирж╛рзЯ ржбрзЗрж▓рж┐ржнрзЗрж░рзА ржЪрж╛рж░рзНржЬ ржХрждред,ржХрзБрж░рж┐рзЯрж╛рж░-ржЪрж╛рж░рзНржЬ-/-ржЖржорж╛ржжрзЗрж░-ржарж┐ржХрж╛ржирж╛рзЯ-ржбрзЗрж▓рж┐ржнрзЗрж░рзА-ржЪрж╛рж░рзНржЬ-ржХрждред,"<p><strong>ржврж╛ржХрж╛рж░ ржнрж┐рждрж░рзЗ ржирж┐ржорзНржирзЛржХрзНржд рж╣рж╛рж░рзЗ ржЪрж╛рж░рзНржЬ ржЖрж╕ржмрзЗржГ</strong></p>
<ul>
<li>ржкрзНрж░ржержо ржХрзЗржЬрж┐ рззрзирзж ржЯрж╛ржХрж╛ ржУ ржкрж░ржмрж░рзНрждрзА ржХрзЗржЬрж┐ рзйрзж ржЯрж╛ржХрж╛ рж╣рж╛рж░рзЗ ржХрзБрж░рж┐рзЯрж╛рж░ ржЪрж╛рж░рзНржЬ ржЖрж╕ржмрзЗред ржоржирзЗ ржХрж░рзБржи ржЖржкржирж╛рж░ ржкржгрзНржпрзЗрж░ ржУржЬржи рзйржХрзЗржЬрж┐ рзирзжрзж ржЧрзНрж░рж╛ржо ред ржЖржкржирж╛рж░ ржбрзЗрж▓рж┐ржнрзЗрж░рзА ржЪрж╛рж░рзНржЬ ржЖрж╕ржмрзЗ ржкрзНрж░ржержо ржХрзЗржЬрж┐рж░ ржЬржирзНржп рззрзирзж ржЯрж╛ржХрж╛ ржУ ржкрж░ржмрж░рзНрждрзА рзиржХрзЗржЬрж┐ рзирзжрзж ржЧрзНрж░рж╛ржо ржХрзЗ рзй ржХрзЗржЬрж┐ рж╣рж┐рж╕рж╛ржмрзЗ рзпрзж ржЯрж╛ржХрж╛ рж╕рж╣ рзирззрзж ржЯрж╛ржХрж╛ ржЖрж╕ржмрзЗред&nbsp;</li>
</ul>
<p><strong>ржврж╛ржХрж╛рж░ ржмрж╛ржЗрж░рзЗ ржирж┐ржорзНржирзЛржХрзНржд рж╣рж╛рж░рзЗ ржЪрж╛рж░рзНржЬ ржЖрж╕ржмрзЗ</strong></p>
<ul>
<li>ржкрзНрж░ржержо ржХрзЗржЬрж┐ рззрзлрзж ржЯрж╛ржХрж╛ ржУ ржкрж░ржмрж░рзНрждрзА ржХрзЗржЬрж┐ рзкрзж ржЯрж╛ржХрж╛ рж╣рж╛рж░рзЗ ржХрзБрж░рж┐рзЯрж╛рж░ ржЪрж╛рж░рзНржЬ ржЖрж╕ржмрзЗред ржоржирзЗ ржХрж░рзБржи ржЖржкржирж╛рж░ ржкржгрзНржпрзЗрж░ ржУржЬржи рзйржХрзЗржЬрж┐ рзирзжрзж ржЧрзНрж░рж╛ржо ред ржЖржкржирж╛рж░ ржбрзЗрж▓рж┐ржнрзЗрж░рзА ржЪрж╛рж░рзНржЬ ржЖрж╕ржмрзЗ ржкрзНрж░ржержо ржХрзЗржЬрж┐рж░ ржЬржирзНржп рззрзлрзж ржЯрж╛ржХрж╛ ржУ ржкрж░ржмрж░рзНрждрзА рзиржХрзЗржЬрж┐ рзирзжрзж ржЧрзНрж░рж╛ржо ржХрзЗ рзй ржХрзЗржЬрж┐ рж╣рж┐рж╕рж╛ржмрзЗ рззрзирзж ржЯрж╛ржХрж╛ рж╕рж╣ рзирзнрзж ржЯрж╛ржХрж╛ ржЖрж╕ржмрзЗред&nbsp;</li>
</ul>",NULL,publish,NULL,faq,general_question,NULL,NULL,1,NULL,NULL,NULL,9,9,9,0,0
ржХрзНржпрж╛рж╢ ржЕржи ржбрзЗрж▓рж┐ржнрзЗрж░рзА рж╣ржмрзЗ ржХрж┐ржирж╛?,ржХрзНржпрж╛рж╢-ржЕржи-ржбрзЗрж▓рж┐ржнрзЗрж░рзА-рж╣ржмрзЗ-ржХрж┐ржирж╛?,"<p>ржЖржорж░рж╛ ржЖржирзНрждрж░рж┐ржХ ржнрж╛ржмрзЗ ржжрзБржГржЦрж┐ржд ржпрзЗ, ржЖржорж░рж╛ ржкржгрзНржпрзЗрж░ рж╕ржорзНржкрзВрж░рзНржи ржорзВрж▓рзНржп ржХрзНржпрж╛рж╢ ржЕржи ржбрзЗрж▓рж┐ржнрзЗрж░рзА ржХрж░рж┐ржирж╛ред ржХрж╛рж░ржи ржЖржорж╛ржжрзЗрж░ рж╕рзНржЯржХрзЗ ржХрзЛржи ржкржгрзНржп ржерж╛ржХрзЗржирж╛ред ржЖржкржирж╛рж░ ржЕрж░рзНржбрж╛рж░ ржкрж╛ржУрзЯрж╛рж░ ржкрж░ ржЖржорж░рж╛ ржЪрж╛рзЯржирж╛ рж╕рж╛ржкрзНрж▓рж╛ржЗрзЯрж╛рж░ржХрзЗ ржлрзБрж▓ ржкрзЗржорзЗржирзНржЯ ржХрж░рзЗ ржкржгрзНржп ржЕрж░рзНржбрж╛рж░ ржХрж░рждрзЗ рж╣рзЯред ржХрж┐ржирзНржд ржЖржкржирж╛рж░ рж╕рзБржмрж┐ржзрж╛рж░рзНржерзЗ ржЖржорж░рж╛ рзлрзж% ржЕржЧрзНрж░рж┐ржо ржирж┐рзЯрзЗ ржЕрж░рзНржбрж╛рж░ ржкрзНрж░рж╕рзЗрж╕ ржХрж░рзЗ ржерж╛ржХрж┐ред</p>
<p>ржкржгрзНржп ржЖрж╕рж╛рж░ ржкрж░ рж╢рж┐ржкрж┐ржВ ржЪрж╛рж░рзНржЬ ржУ ржкржгрзНржпрзЗрж░ ржмрж╛ржХрж┐ рзлрзж% ржЯрж╛ржХрж╛ ржХрзНржпрж╛рж╢ ржЕржи ржбрзЗрж▓рж┐ржнрзЗрж░рзА ржХрж░рж╛ рж╣рзЯрзЗ ржерж╛ржХрзЗред</p>",NULL,publish,NULL,faq,general_question,NULL,NULL,1,NULL,NULL,NULL,1,1,9,0,0
ржЖржкржирж╛ржжрзЗрж░ ржЕржлрж┐рж╕ ржХрзЛржерж╛рзЯ ?,ржЖржкржирж╛ржжрзЗрж░-ржЕржлрж┐рж╕-ржХрзЛржерж╛рзЯ-?,"<p>C2B</p>
<p>House#636, road-9, block#I</p>
<p>Bashundhara, Dhaka</p>",NULL,publish,NULL,faq,other_question,NULL,NULL,1,NULL,NULL,NULL,3,3,9,0,0
рж╕рж╛ржЗржЯрзЗ ржЙрж▓рзНрж▓рзЗржЦрж┐ржд ржкржгрзНржп ржорзВрж▓рзНржпрзЗрж░ ржмрж╛ржЗрж░рзЗ ржХрзЛржи ржЦрж░ржЪ ржЖржЫрзЗ ?,рж╕рж╛ржЗржЯрзЗ-ржЙрж▓рзНрж▓рзЗржЦрж┐ржд-ржкржгрзНржп-ржорзВрж▓рзНржпрзЗрж░-ржмрж╛ржЗрж░рзЗ-ржХрзЛржи-ржЦрж░ржЪ-ржЖржЫрзЗ-?,"<p>ржЬрзНржмрж┐ ржЖрж░рзЛ ржжрзБржЗ ржзрж░ржирзЗрж░ ржЦрж░ржЪ ржпрзЛржЧ рж╣ржмрзЗ ржкржгрзНржп ржЖрж╕рж╛рж░ ржкрж░</p>
<ul style=""list-style-type: square;"">
<li>рж╢рж┐ржкрж┐ржВ ржУ ржХрж╛рж╕рзНржЯржорж╕ ржЪрж╛рж░рзНржЬ ржпрж╛ ржкржгрзНржп ржЖрж╕рж╛рж░ ржкрж░ ржУржЬржи рж╣рж┐рж╕рж╛ржмрзЗ ржпрзЛржЧ рж╣ржмрзЗред ржкржгрзНржп ржЕрж░рзНржбрж╛рж░ ржХрж░рж╛рж░ рж╕ржорзЯ рж╢рж┐ржкрж┐ржВ ржкрзНрж░рждрж┐ ржХрзЗржЬрж┐рж░ рж╢рж┐ржкрж┐ржВ рж░рзЗржЯ ржжрзЗрзЯрж╛ ржерж╛ржХрзЗред ржЙржХрзНржд рж░рзЗржЯ ржЕржирзБржпрж╛рзЯрзА ржкржгрзНржп ржЖрж╕рж╛рж░ ржкрж░ рж╢рж┐ржкрж┐ржВ ржЪрж╛рж░рзНржЬ ржмрж╛ржмржж ржпрзЛржЧ рж╣рзЯред</li>
<li>ржбрзЗрж▓рж┐ржнрзЗрж░рзА ржЪрж╛рж░рзНржЬржГ ржЖржорж╛ржжрзЗрж░ ржЕржлрж┐рж╕ ржерзЗржХрзЗ рж╕рж░рж╛рж╕рж░рж┐ ржкржгрзНржп рж░рж┐рж╕рж┐ржн ржХрж░рж▓рзЗ ржПржЗ ржЪрж╛рж░рзНржЬ рж╣ржмрзЗржирж╛ред ржЯрзНрж░рж╛ржирзНрж╕ржкрзЛрж░рзНржЯрзЗ ржбрзЗрж▓рж┐ржнрзЗрж░рзА ржирж┐рж▓рзЗ ржирж┐ржорзНржирзЛржХрзНржд рж╣рж╛рж░рзЗ ржЪрж╛рж░рзНржЬ ржХрж░рж╛ рж╣ржмрзЗ&nbsp;
<p><strong>ржврж╛ржХрж╛рж░ ржнрж┐рждрж░рзЗржГ</strong></p>
<ul>
<li>ржкрзНрж░ржержо ржХрзЗржЬрж┐ рззрзжрзж ржЯрж╛ржХрж╛ ржУ ржкрж░ржмрж░рзНрждрзА ржХрзЗржЬрж┐ рзйрзж ржЯрж╛ржХрж╛ рж╣рж╛рж░рзЗ ржХрзБрж░рж┐рзЯрж╛рж░ ржЪрж╛рж░рзНржЬ ржЖрж╕ржмрзЗред ржоржирзЗ ржХрж░рзБржи ржЖржкржирж╛рж░ ржкржгрзНржпрзЗрж░ ржУржЬржи рзйржХрзЗржЬрж┐ рзирзжрзж ржЧрзНрж░рж╛ржо ред ржЖржкржирж╛рж░ ржбрзЗрж▓рж┐ржнрж╛рж░рзА ржЪрж╛рж░рзНржЬ ржЖрж╕ржмрзЗ ржкрзНрж░ржержо ржХрзЗржЬрж┐рж░ ржЬржирзНржп рззрзжрзж ржЯрж╛ржХрж╛ ржУ ржкрж░ржмрж░рзНрждрзА рзиржХрзЗржЬрж┐ рзирзжрзж ржЧрзНрж░рж╛ржо ржХрзЗ рзй ржХрзЗржЬрж┐ рж╣рж┐рж╕рж╛ржмрзЗ рзпрзж ржЯрж╛ржХрж╛ рж╕рж╣ рззрзпрзж ржЯрж╛ржХрж╛ ржЖрж╕ржмрзЗред&nbsp;</li>
</ul>
<p><strong>ржврж╛ржХрж╛рж░ ржмрж╛ржЗрж░рзЗржГ</strong></p>
<ul>
<li>ржкрзНрж░ржержо ржХрзЗржЬрж┐ рззрзлрзж ржЯрж╛ржХрж╛ ржУ ржкрж░ржмрж░рзНрждрзА ржХрзЗржЬрж┐ рзйрзж ржЯрж╛ржХрж╛ рж╣рж╛рж░рзЗ ржХрзБрж░рж┐рзЯрж╛рж░ ржЪрж╛рж░рзНржЬ ржЖрж╕ржмрзЗред ржоржирзЗ ржХрж░рзБржи ржЖржкржирж╛рж░ ржкржгрзНржпрзЗрж░ ржУржЬржи рзнржХрзЗржЬрж┐ рзирзжрзж ржЧрзНрж░рж╛ржо ред ржЖржкржирж╛рж░ ржбрзЗрж▓рж┐ржнрж╛рж░рзА ржЪрж╛рж░рзНржЬ ржЖрж╕ржмрзЗ ржкрзНрж░ржержо ржХрзЗржЬрж┐рж░ ржЬржирзНржп рззрзлрзж ржЯрж╛ржХрж╛ ржУ ржкрж░ржмрж░рзНрждрзА рзмржХрзЗржЬрж┐ рзирзжрзж ржЧрзНрж░рж╛ржо ржХрзЗ рзн ржХрзЗржЬрж┐ рж╣рж┐рж╕рж╛ржмрзЗ рзирззрзж ржЯрж╛ржХрж╛ (рзйрзж X рзн)&nbsp; ржЯрж╛ржХрж╛ рж╕рж╣ рзйрзмрзж ржЯрж╛ржХрж╛ ржЖрж╕ржмрзЗред&nbsp;</li>
</ul>
</li>
</ul>",NULL,publish,NULL,faq,other_question,NULL,NULL,1,NULL,NULL,NULL,9,9,9,0,0
ржпрзЗржХрзЛржи ржкржгрзНржп ржХрж┐ ржЕрж░рзНржбрж╛рж░ ржХрж░рждрзЗ ржкрж╛рж░ржмрзЛ?,ржпрзЗржХрзЛржи-ржкржгрзНржп-ржХрж┐-ржЕрж░рзНржбрж╛рж░-ржХрж░рждрзЗ-ржкрж╛рж░ржмрзЛ?,"<p>ржмрж╛ржВрж▓рж╛ржжрзЗрж╢ ржХрж╛рж╖рзНржЯржорж╕ ржПрж░ рж░рзБрж▓рж╕ ржЕржирзБржпрж╛рзЯрзА ржХрж┐ржЫрзБ ржкржирзНржпрзЗрж░ ржХрзНрж╖рзЗрждрзНрж░рзЗ рж╕рж░ржХрж╛рж░рзЗрж░ ржирж┐рж╖рзЗржзрж╛ржЬрзНржЮрж╛ рж░рзЯрзЗржЫрзЗ ржпрзЗржЧрзБрж▓рзЛ ржЖржирж╛ рж╕ржорзНржнржм ржирзЯред ржпрзЗрж╣рзЗрждрзБ рж╕рж╛ржЗржЯрзЗ ржПржЧрзБрж▓рзЛ ржЖрж▓рж╛ржжрж╛ ржХрж░рж╛ рж╕ржорзНржнржм ржирзЯ рждрж╛ржЗ ржПржЧрзБрж▓рзЛ ржЕрж░рзНржбрж╛рж░ ржХрж░рж╛ ржпрж╛ржмрзЗржирж╛ред ржпржжрж┐ ржХрж╛рж░рзЛ ржПрж╕ржм ржкржирзНржпрзЗрж░ ржкрзНрж░рзЯрзЛржЬржи рж╣рзЯ рждрж╛рж╣рж▓рзЗ ржЖржЧрзЗ ржЖржорж╛ржжрзЗрж░ рж╕рж╛ржерзЗ ржкрзЗржЬ ржЗржиржмржХрзНрж╕рзЗ ржпрзЛржЧрж╛ржпрзЛржЧ ржХрж░рзЗ ржХржиржлрж╛рж░рзНржо рж╣рждрзЗ рж╣ржмрзЗред ржпржжрж┐ ржХрзЗржЙ рж╕рж░рж╛рж╕рж░рж┐ ржЕрж░рзНржбрж╛рж░ ржХрж░рзЗржи рждрж╛рж╣рж▓рзЗ ржЕрж░рзНржбрж╛рж░ ржХрзНржпрж╛ржирзНрж╕рзЗрж▓ рж╣ржмрзЗ ржПржмржВ ржЖржкржирж╛рж░ ржкрзЗржорзЗржирзНржЯржХрзГржд ржЯрж╛ржХрж╛ ржерзЗржХрзЗ ржЧрзЗржЯржУрзЯрзЗ ржЪрж╛рж░рзНржЬ рзи.рзлрзж% ржХрзЗржЯрзЗ ржмрж╛ржХрж┐ ржЯрж╛ржХрж╛ рж░рж┐ржлрж╛ржирзНржб ржХрж░рж╛ рж╣ржмрзЗред ржЖржоржжрж╛ржирзА ржирж┐рж╖рж┐ржжрзНржз ржкржирзНржп ржирж┐ржЪрзЗ ржжрзЗрзЯрж╛ рж╣рж▓рзЛ</p>
<ul>
<li>ржорзЛржмрж╛ржЗрж▓ ржлрзЛржи</li>
<li>ржХрзНржпрж╛ржорзЗрж░рж╛ (ржЖрж▓рзЛржЪржирж╛ рж╕рж╛ржкрзЗржХрзНрж╖рзЗ ржЖржирж╛ ржпрж╛ржмрзЗ)</li>
<li>SKD (ржЖржоржжрж╛ржирзА ржирж┐рж╖рж┐ржжрзНржз ржкржирзНржпрзЗрж░ ржЕржВрж╢ ржмрж┐рж╢рзЗрж╖)</li>
<li>ржУрзЯрж╛ржХрж┐ржЯржХрж┐</li>
<li>рж▓рж┐ржХрзБржЗржб ржкржирзНржп рззрзжрзж ржЧрзНрж░рж╛ржорзЗрж░ ржЙржкрж░рзЗ</li>
<li>ржмрзНржпрж╛ржЯрж╛рж░рзА ржЬрж╛рждрзАрзЯ ржкржирзНржп</li>
<li>ржорзЛржмрж╛ржЗрж▓ ржЯрж╛ржЪ рж╕рзНржХрзНрж░рж┐ржи</li>
<li>ржорзЛржмрж╛ржЗрж▓ ржПрж░ ржЦрж╛рж▓рж┐ ржмржХрзНрж╕</li>
<li>ржорзЛржмрж╛ржЗрж▓ ржмрзНржпрж╛ржЯрж╛рж░рзА (ржЖржирж╛ ржпрж╛ржмрзЗ ржЖрж▓рзЛржЪржирж╛ рж╕рж╛ржкрзЗржХрзНрж╖рзЗ)</li>
<li>ржорзЛржмрж╛ржЗрж▓ LCD</li>
<li>ржЯрж┐ржнрж┐ ржкрзНржпрж╛ржирзЗрж▓</li>
<li>рж▓рзНржпрж╛ржкржЯржк (ржЖржирж╛ ржпрж╛ржмрзЗ ржЖрж▓рзЛржЪржирж╛ рж╕рж╛ржкрзЗржХрзНрж╖рзЗ)</li>
<li>ржорзЗржорзЛрж░рзА ржХрж╛рж░рзНржб (ржЖржирж╛ ржпрж╛ржмрзЗ ржЖрж▓рзЛржЪржирж╛ рж╕рж╛ржкрзЗржХрзНрж╖рзЗ)</li>
<li>ржХрзЗржорж┐ржХрзНржпрж╛рж▓ ржЖржЗржЯрзЗржо</li>
<li>ржЧрзЛрж▓рзНржб</li>
<li>рж╕рж┐ржЧрж╛рж░рзЗржЯ</li>
<li>ржбрзНрж░рзЛржи/ ржбрзНрж░рзЛржи ржПрж░ ржкрж╛рж░рзНржЯрж╕</li>
<li>рж╕рзЗржХрзНрж╕ ржЯрзЯ</li>
<li>рж╕рж┐рж░рж┐ржЮрзНржЬ</li>
<li>ржЧрзНржпрж╛рж╕ рж▓рж╛ржЗржЯрж╛рж░</li>
<li>ржкрзБрж░рж╛рждржи ржкржирзНржп</li>
<li>ржкрж╛ржХрж┐рж╕рзНрждрж╛ржирж┐ ржХрзНрж░рж┐ржо</li>
<li>рж╕рж┐ржХрж┐ржЙрж░рж┐ржЯрж┐ ржкржирзНржп рж╣рж╛рждржХрзЬрж╛/ржкрж┐рж╕рзНрждрж▓/ржмржирзНржжрзБржХ</li>
</ul>",NULL,publish,NULL,faq,other_question,NULL,NULL,1,NULL,NULL,NULL,9,9,9,0,0
ржорж┐ржирж┐ржорж╛ржо ржХржд ржЯрж╛ржХрж╛рж░ ржкржгрзНржп ржЕрж░рзНржбрж╛рж░ ржХрж░рждрзЗ рж╣ржмрзЗ?,ржорж┐ржирж┐ржорж╛ржо-ржХржд-ржЯрж╛ржХрж╛рж░-ржкржгрзНржп-ржЕрж░рзНржбрж╛рж░-ржХрж░рждрзЗ-рж╣ржмрзЗ?,<p>ржмрж╛ржЗ ржПрзЯрж╛рж░рзЗ ржорж┐ржирж┐ржорж╛ржо ржЕрж░рзНржбрж╛рж░ ржПрж░ ржкрж░рж┐ржорж╛ржи рзй ржкрж┐рж╕ (ржпржжрж┐ рж╕рж╛ржкрзНрж▓рж╛ржЗрзЯрж╛рж░ ржПрж░ ржорж┐ржирж┐ржорж╛ржо ржЕрж░рзНржбрж╛рж░ рзй ржПрж░ ржмрзЗрж╢рж┐ рж╣рзЯ рждрж╛рж╣рж▓рзЗ ржмрзЗрж╢рж┐) ржПржмржВ&nbsp; ржорж┐ржирж┐ржорж╛ржо рззрзлрзжрзж ржЯрж╛ржХрж╛ рж╣рждрзЗ рж╣ржмрзЗред ржПрж░ ржХржо ржЕрж░рзНржбрж╛рж░ рж╕рж╛ржЗржЯ ржерзЗржХрзЗ ржкрзНрж▓рзЗрж╕ ржХрж░рждрзЗ ржкрж╛рж░ржмрзЗржи ржирж╛ред ржХрж┐ржирзНрждрзБ ржпржжрж┐ ржХрзЛржи ржкржирзНржпрзЗрж░ ржПржХржХ ржорзБрж▓рзНржп рззрзжрзжрзжрзж ржЯрж╛ржХрж╛рж░ ржЙржкрж░рзЗ рж╣рзЯ рждрж╛рж╣рж▓рзЗ ржЖржорж╛ржжрзЗрж░ ржкрзЗржЬ ржЗржиржмржХрзНрж╕ ржХрж┐ржВржмрж╛ рж╣ржЯ рж▓рж╛ржЗржи (01871-778844) ржирж╛ржорзНржмрж╛рж░рзЗ ржпрзЛржЧрж╛ржпрзЛржЧ ржХрж░рждрзЗ рж╣ржмрзЗред ржпржжрж┐ рж╕рж╛ржкрзНрж▓рж╛ржЗрзЯрж╛рж░ рзз ржкрж┐рж╕ ржмрж┐ржХрзНрж░рж┐ ржХрж░рждрзЗ ржЖржЧрзНрж░рж╣рзА рж╣рзЯ рждрж╛рж╣рж▓рзЗ ржмрж┐ржХрж╛рж╢ ржкрзЗржорзЗржирзНржЯ ржХрж░рзЗ ржЕрж░рзНржбрж╛рж░ ржХрж░рждрзЗ ржкрж╛рж░ржмрзЗржиред ржмрж╛ржЗ рж╢рж┐ржк ржкржгрзНржп ржЖржирждрзЗ ржЪрж╛ржЗрж▓рзЗ ржкрзНрж░рждрж┐ ржЖржЗржЯрзЗржо ржорж┐ржирж┐ржорж╛ржо рзирзжрзж ржХрзЗржЬрж┐ рж╣рждрзЗ рж╣ржмрзЗред ржЙрж▓рзНрж▓рзЗржЦрзНржп ржХрзЛржи ржЖржЗржЯрзЗржо рзй ржкрж┐рж╕/рззрзлрзжрзж ржЯрж╛ржХрж╛рж░ ржХржо рж╣рж▓рзЗ ADD TO CART ржмрж╛ржЯржи ржПржирж╛ржмрж▓ рж╣ржмрзЗржирж╛ред ржЖрж░ рзирзжрзж ржХрзЗржЬрж┐рж░ ржХржо ржУржЬржи рж╣рж▓рзЗ BY SEA&nbsp;ржмрж╛ржЯржи ржПржирж╛ржмрж▓ рж╣ржмрзЗ ржирж╛ред</p>,NULL,publish,NULL,faq,other_question,NULL,NULL,1,NULL,NULL,NULL,9,9,9,0,0
рж░рж┐ржлрж╛ржирзНржб ржкрж▓рж┐рж╕рж┐ ржХрж┐?,рж░рж┐ржлрж╛ржирзНржб-ржкрж▓рж┐рж╕рж┐-ржХрж┐?,"<p>ржЖржорж░рж╛ ржЖржорж╛ржжрзЗрж░ ржХрж╛рж╖рзНржЯржорж╛рж░ржжрзЗрж░ рж╕рж░рзНржмрзЛржЪрзНржЪ ржЧрзБрж░рзБрждрзНржм ржжрж┐ржпрж╝рзЗ рждрж╛ржжрзЗрж░ рж╕рж╛ржерзЗ рж╕ржВржЧржарж┐ржд ржпрзЗржХрзЛржи рж╕ржорж╕рзНржпрж╛ ржжрзНрж░рзБржд рж╕ржорж╛ржзрж╛ржирзЗрж░ ржЪрзЗрж╖рзНржЯрж╛ ржХрж░рзЗ ржерж╛ржХрж┐ред ржпрзЗрж╣рзЗрждрзБ ржЖржорж╛ржжрзЗрж░ ржкржирзНржпржЧрзБрж▓рж┐ ржмрж┐ржнрж┐ржирзНржи ржорж╛ржзрзНржпржо рж╣ржпрж╝рзЗ рж╣рж╛рждрзЗ ржЖрж╕рзЗ рждрж╛ржЗ рж╕ржорж╕рзНржпрж╛ рж╣рждрзЗржЗ ржкрж╛рж░рзЗред ржирж┐ржорзНржирзЛржХрзНржд рж╢рж░рзНрждрж╕рж╛ржкрзЗржХрзНрж╖рзЗ ржЖржорж░рж╛ ржкржирзНржп ржлрзЗрж░ржд ржХрж┐ржВржмрж╛ рж░рж┐ржлрж╛ржирзНржб ржжрж┐ржпрж╝рзЗ ржерж╛ржХрж┐ред</p>
<p>ржпрзЗрж╕ржм ржХрзНрж╖рзЗрждрзНрж░рзЗ рж░рж┐ржлрж╛ржирзНржб ржжрзЗрзЯрж╛ рж╣рзЯржГ</p>
<p>тЬЕ ржкржирзНржп ржнрж╛ржВржЧрж╛ ржмрж╛ ржирж╖рзНржЯ ржкрзЗрж▓рзЗ ржкржирзНржп рж╣рж╛рждрзЗ ржкрж╛ржмрж╛рж░ рзй ржжрж┐ржирзЗрж░ ржоржзрзНржпрзЗ ржирзНржпрзБржирждржо рзй ржЯрж┐ ржЫржмрж┐ рж╕рж╣ ржХрзНрж▓рзЗржЗржо ржХрж░рждрзЗ рж╣ржмрзЗред</p>
<p>тЬЕ ржЖржорж╛ржжрзЗрж░ рж╕рж╛ржЗржЯрзЗ ржжрзЗржУржпрж╝рж╛ ржкржирзНржпрзЗрж░ ржмрж░рзНржгржирж╛рж░ рж╕рж╛ржерзЗ ржкржирзНржпрзЗрж░ ржорж┐рж▓ ржирж╛ ржерж╛ржХрж▓рзЗ</p>
<p>тЬЕ ржЖржкржирж╛рж░ ржжрзЗржУржпрж╝рж╛ рж╕рж╛ржЗржЬ ржПржмржВ ржХрж╛рж▓рж╛рж░ ржорж┐рж▓ ржирж╛ ржерж╛ржХрж▓рзЗред&nbsp;рждржмрзЗ ржЙрж▓рзНрж▓рзЗржЦ ржерж╛ржХрзЗ ржпрзЗ, рж▓рж╛ржЗржЯрж┐ржВ, рж░рзЗржЬрзБрж▓рзЗрж╢ржи, ржоржирж┐ржЯрж░ ржПрж░ ржХрж░рзНржгрж╛рж░ ржПрж░ ржХрж╛рж░ржирзЗ ржХрж╛рж▓рж╛рж░ рзл%-рззрзж% рждрж╛рж░рждржорзНржп рж╣рждрзЗ ржкрж╛рж░рзЗ ржпрзЗржЯрж╛ ржХрж╛рж▓рж╛рж░рзЗрж░ ржкрж╛рж░рзНржержХрзНржп рж╣рж┐рж╕рзЗржмрзЗ ржЧржирзНржп рж╣ржмрзЗржирж╛ред</p>
<p>тЬЕ ржЗрж▓рзЗржХржЯрзНрж░ржирж┐ржХ ржкржирзНржпрзЗрж░ ржХрзЛржи ржУрзЯрж╛рж░рзЗржирзНржЯрж┐ ржжрзЗрзЯрж╛ рж╣рзЯ ржирж╛ред рждржмрзЗ ржПрж╕ржм ржкржирзНржпрзЗрж░ ржХрзНрж╖рзЗрждрзНрж░рзЗ ржпржжрж┐ ржкрж╛ржУржпрж╝рж╛рж░ / ржбрж┐рж╕ржкрзНрж▓рзЗ/ ржЪрж╛рж░рзНржЬрж┐ржВ рж╕ржВржХрзНрж░рж╛ржирзНржд рж╕ржорж╕рзНржпрж╛ рж╣ржпрж╝ рждрж╛рж╣рж▓рзЗ ржЙржкржпрзБржХрзНржд рждржерзНржпрж╕рж╣ ржнрж┐ржбрж┐ржУ ржжрж┐рждрзЗ рж╣рждрзЗ ржкрж╛рж░рзЗред рж╕рж╛ржкрзНрж▓рж╛ржЗрзЯрж╛рж░ ржпржжрж┐ ржЪрзЗржЮрзНржЬ ржмрж╛ рж░рж┐ржлрж╛ржирзНржб ржХрж░рзЗ рждрж╛рж╣рж▓рзЗ рж░рж┐ржлрж╛ржирзНржбржХрзГржд ржЯрж╛ржХрж╛ ржЖржкржирж┐ ржкрж╛ржмрзЗржиред ржХрж┐ржирзНрждрзБ рж╕рж╛ржкрзНрж▓рж╛ржЗрзЯрж╛рж░ рж░рж┐ржлрж╛ржирзНржб ржирж╛ ржХрж░рж▓рзЗ ржЖржорж╛ржжрзЗрж░ ржХрж┐ржЫрзБ ржХрж░рж╛рж░ ржерж╛ржХржмрзЗ ржирж╛ред</p>
<p>ржпрзЗрж╕ржм ржХрзНрж╖рзЗрждрзНрж░рзЗ рж░рж┐ржЯрж╛рж░рзНржг ржжрзЗржпрж╝рж╛ рж╣ржпрж╝ржирж╛-</p>
<p>тЬЕ ржЖржкржирж╛рж░ ржарж┐ржХрж╛ржирж╛ ржнрзБрж▓рзЗрж░ ржХрж╛рж░ржирзЗ ржкржирзНржп ржирж╛ ржкрзЗрж▓рзЗред &ldquo;</p>
<p>тЬЕ ржкржирзНржп ржкржЫржирзНржж рж╣ржпрж╝ржирж┐ &rdquo;ржХрж┐ржВржмрж╛ &ldquo;ржЖржорж╛рж░ ржПржЦржи ржкржирзНржпржЯрж┐ ржжрж░ржХрж╛рж░ ржирзЗржЗ&rdquo;ржПржЗ ржзрж░ржирзЗрж░ ржХрзНрж╖рзЗрждрзНрж░рзЗред</p>
<p>тЬЕ ржХрзЛржи ржкржирзНржпржЗ ржкрж░рж┐ржмрж░рзНрждржиржпрзЛржЧрзНржп ржиржпрж╝ ржпржжрж┐ ржХрзЛржи рж╕ржорж╕рзНржпрж╛ ржирж╛ ржерж╛ржХрзЗред</p>
<p>тЬЕ рж╕рж╛ржкрзНрж▓рж╛ржЗрзЯрж╛рж░ ржПрж░ ржУрзЯрзНржпрж╛рж░ рж╣рж╛ржЙржЬ ржерзЗржХрзЗ ржкржгрзНржп рж╢рж┐ржкржорзЗржирзНржЯ рж╣рзЯрзЗ ржЧрзЗрж▓рзЗ ржЖрж░ рж░рж┐ржЯрж╛рж░рзНржг рж╕ржорзНржнржм ржирзЯред ржЖржорж╛ржжрзЗрж░ ржУрзЯрж╛рж░ рж╣рж╛ржЙрж╕рзЗ ржерж╛ржХрж╛ржХрж╛рж▓рзАржи рж╕ржорзЯрзЗ рж░рж┐ржЯрж╛рж░рзНржи ржХрж░рждрзЗ ржЪрж╛ржЗрж▓рзЗ ржкржгрзНржп рж╕рж╛ржкрзНрж▓рж╛ржЗрзЯрж╛рж░ржХрзЗ ржлрзЗрж░ржд ржкрж╛ржарж╛ржирзЛрж░ ржЦрж░ржЪ ржУ рж╕рж╛ржкрзНрж▓рж╛ржЗрзЯрж╛рж░ ржПрж░ рж╢рж┐ржкржорзЗржирзНржЯ ржЦрж░ржЪ ржкрзЗржорзЗржирзНржЯ ржХрж░рждрзЗ рж╣ржмрзЗред&nbsp;</p>
<p>тЬЕ&nbsp;ржмрж╛ржЗ ржПрзЯрж╛рж░рзЗрж░ ржкржгрзНржп ржпржжрж┐ рзкрзж ржжрж┐ржи ржЕрждрж┐ржмрж╛рж╣рж┐ржд рж╣рзЯрзЗ ржпрж╛рзЯ ржПржмржВ ржмрж╛ржЗ рж╢рж┐ржкрзЗрж░ ржкржгрзНржп рзпрзж ржжрж┐ржи ржЕрждрж┐ржмрж╛рж╣рж┐ржд рж╣рзЯрзЗ ржпрж╛рзЯ рждрж╛рж╣рж▓рзЗ рж╢рж░рзНржд рж╕рж╛ржкрзЗржХрзНрж╖рзЗ рж░рж┐ржлрж╛ржирзНржб ржХрж░рж╛ рж╣ржмрзЗред ржПржЗ рзкрзж ржжрж┐ржи/ рзпрзж ржжрж┐ржирзЗрж░ ржЖржЧрзЗ рж░рж┐ржлрж╛ржирзНржб ржПржкрзНрж▓рж╛ржЗ ржЧрзНрж░рж╣ржг ржХрж░рж╛ рж╣ржмрзЗржирж╛ред</p>",NULL,publish,NULL,faq,other_question,NULL,NULL,1,NULL,NULL,NULL,9,9,9,0,0
ржЕрж░рзНржбрж╛рж░ ржХрж░рж╛ рж╕ржм ржкржгрзНржп ржХрж┐ ржПржХ рж╕рж╛ржерзЗ рж╣рж╛рждрзЗ ржкрж╛ржмрзЛ?,ржЕрж░рзНржбрж╛рж░-ржХрж░рж╛-рж╕ржм-ржкржгрзНржп-ржХрж┐-ржПржХ-рж╕рж╛ржерзЗ-рж╣рж╛рждрзЗ-ржкрж╛ржмрзЛ?,<p>ржПржЯрж╛ ржЖржЧрзЗржЗ ржмрж▓рж╛ ржпрж╛рзЯржирж╛ред ржХрж╛рж░ржи ржЖржкржирж┐ ржпржжрж┐ ржЕрж░рзНржбрж╛рж░ ржЖрж▓рж╛ржжрж╛ ржЖрж▓рж╛ржжрж╛ рж▓рж┐ржВржХ ржерзЗржХрзЗ ржЕрж░рзНржбрж╛рж░ ржХрж░рзЗржи рждрж╛рж░ ржорж╛ржирзЗ рж╕рж╛ржкрзНрж▓рж╛ржЗрзЯрж╛рж░ ржЖрж▓рж╛ржжрж╛ред рждрж╛ржЗ ржкржгрзНржп ржЧрзБрж▓рж┐ ржЖрж▓рж╛ржжрж╛ ржЖрж▓рж╛ржжрж╛ ржЪрж╛рзЯржирж╛ ржУрзЯрзНржпрж╛рж░рж╣рж╛ржЙрж╕рзЗ ржЖрж╕ржмрзЗред ржкрзНрж░рждрж┐ рж╕рзЛржоржмрж╛рж░ ржУ ржмрзГрж╣рж╕рзНржкрждрж┐ржмрж╛рж░ ржЖржорж╛ржжрзЗрж░ рж╢рж┐ржкржорзЗржирзНржЯ рж╣рзЯред рждрж╛ржЗ ржпржжрж┐ ржЖржкржирж╛рж░ рж╕ржХрж▓ ржкржгрзНржп ржпржжрж┐&nbsp; ржЪрж▓рждрж┐ рж╢рж┐ржкржорзЗржирзНржЯ ржПрж░ ржЖржЧрзЗ ржЖрж╕рзЗ рждрж╛рж╣рж▓рзЗ ржПржХрж╕рж╛ржерзЗ ржЖрж╕ржмрзЗред ржЖрж░ ржпржжрж┐ ржЖржЧрзЗ ржкрж░рзЗ ржЖрж╕рзЗ рждрж╛рж╣рж▓рзЗ ржЖрж▓рж╛ржжрж╛ ржнрж╛ржмрзЗ ржЖрж╕ржмрзЗред рждржмрзЗ ржкрзНрж░рждрж┐ржЯрж┐ ржкржгрзНржп ржЖржорж╛ржжрзЗрж░ рж╣рж╛рждрзЗ ржЖрж╕рж╛рж░ рж╕рж╛ржерзЗ ржЖржкржирж┐&nbsp; SMS ржУ ржорзЗржЗрж▓ ржкрж╛ржмрзЗржиред ржЖржкржирж┐ ржЪрж╛ржЗрж▓рзЗ ржЖржЧрзЗ ржЖрж╕рж╛ ржкржгрзНржп ржЖржЧрзЗржЗ ржбрзЗрж▓рж┐ржнрзЗрж░рзА ржирж┐рждрзЗ ржкрж╛рж░ржмрзЗржи рж░рж┐рж╕рж┐ржнржХрзГржд ржкржгрзНржпрзЗрж░ ржорзВрж▓рзНржп ржкрж░рж┐рж╢рзЛржз ржХрж░рзЗ ред&nbsp;</p>,NULL,publish,NULL,faq,general_question,NULL,NULL,1,NULL,NULL,NULL,9,9,9,0,0
Express Delivery 15-25 Days,delivery-15-25-days-without-fail,"<h3>&nbsp;</h3>
<h3><span style=""color: #ffffff;"">Ordere us and be Chill</span><br /><span style=""color: #ffffff;"">We are commited to deliver by 25 days whereas AliExpress 90 days</span></h3>",NULL,publish,NULL,banner,standard,storage/banner/31-delivery-15-25-days-without-fa/delivery-15-25-days-without-fa-1622140316.PNG,NULL,1,NULL,NULL,NULL,16,16,16,0,0
